filename,width,height,class,xmin,ymin,xmax,ymax
00009.jpg,640,480,logo,266,88,300,151
00009.jpg,640,480,logo,121,82,177,139
00010.jpg,640,480,logo,357,95,392,162
00010.jpg,640,480,logo,213,85,266,142
00011.jpg,640,480,logo,419,104,457,174
00011.jpg,640,480,logo,274,88,326,145
00012.jpg,640,480,logo,549,125,594,206
00012.jpg,640,480,logo,397,103,452,164
00013.jpg,640,480,logo,504,117,547,193
00013.jpg,640,480,logo,354,99,412,155
00014.jpg,640,480,logo,440,105,482,177
00014.jpg,640,480,logo,297,94,350,151
00015.jpg,640,480,logo,346,94,381,161
00015.jpg,640,480,logo,203,85,256,141
00016.jpg,640,480,logo,252,85,289,149
00016.jpg,640,480,logo,112,80,168,139
00017.jpg,640,480,logo,164,82,203,142
00017.jpg,640,480,logo,24,82,80,142
00018.jpg,640,480,logo,53,82,95,142
00019.jpg,640,480,logo,6,85,50,142
00020.jpg,640,480,logo,555,140,623,199
00021.jpg,640,480,logo,480,121,545,179
00022.jpg,640,480,logo,550,97,614,147
00023.jpg,640,480,logo,511,89,569,137
00024.jpg,640,480,logo,419,74,473,122
00024.jpg,640,480,logo,552,94,587,165
00025.jpg,640,480,logo,334,62,385,114
00025.jpg,640,480,logo,462,79,492,149
00026.jpg,640,480,logo,226,57,277,106
00026.jpg,640,480,logo,352,68,377,128
00027.jpg,640,480,logo,276,63,303,120
00027.jpg,640,480,logo,151,54,203,104
00028.jpg,640,480,logo,201,59,229,115
00028.jpg,640,480,logo,75,53,129,104
00029.jpg,640,480,logo,139,57,169,112
00029.jpg,640,480,logo,12,54,66,105
00030.jpg,640,480,logo,12,62,43,114
00031.jpg,640,480,logo,424,74,452,139
00031.jpg,640,480,logo,296,59,346,108
00032.jpg,640,480,logo,483,82,515,152
00032.jpg,640,480,logo,354,65,404,114
00033.jpg,640,480,logo,586,99,623,173
00033.jpg,640,480,logo,449,78,506,127
00034.jpg,640,480,logo,513,88,575,136
00035.jpg,640,480,logo,577,99,639,154
00036.jpg,640,480,logo,360,67,388,128
00036.jpg,640,480,logo,235,56,285,106
00037.jpg,640,480,logo,170,57,200,114
00037.jpg,640,480,logo,43,53,98,103
00038.jpg,640,480,logo,32,62,64,116
00039.jpg,640,480,logo,365,15,386,64
00039.jpg,640,480,logo,263,9,303,50
00040.jpg,640,480,logo,410,19,434,68
00040.jpg,640,480,logo,309,11,347,51
00041.jpg,640,480,logo,503,28,529,79
00041.jpg,640,480,logo,397,17,440,57
00042.jpg,640,480,logo,488,28,536,67
00042.jpg,640,480,logo,598,42,628,96
00043.jpg,640,480,logo,530,31,558,83
00043.jpg,640,480,logo,424,18,468,59
00044.jpg,640,480,logo,420,20,445,68
00044.jpg,640,480,logo,318,10,358,53
00045.jpg,640,480,logo,337,15,360,62
00045.jpg,640,480,logo,237,8,277,48
00046.jpg,640,480,logo,203,10,227,56
00046.jpg,640,480,logo,102,8,145,48
00047.jpg,640,480,logo,115,11,141,57
00047.jpg,640,480,logo,14,13,60,54
00048.jpg,640,480,logo,14,17,42,62
00049.jpg,640,480,logo,200,10,223,53
00049.jpg,640,480,logo,97,8,143,50
00050.jpg,640,480,logo,243,11,265,56
00050.jpg,640,480,logo,140,8,186,48
00051.jpg,640,480,logo,571,40,617,82
00052.jpg,640,480,logo,343,15,364,62
00052.jpg,640,480,logo,241,8,280,48
00053.jpg,640,480,logo,324,14,346,60
00053.jpg,640,480,logo,221,6,264,48
00054.jpg,640,480,logo,270,13,292,57
00054.jpg,640,480,logo,169,6,209,47
00055.jpg,640,480,logo,186,10,210,56
00055.jpg,640,480,logo,87,8,128,50
00056.jpg,640,480,logo,138,10,163,54
00056.jpg,640,480,logo,38,11,80,53
00057.jpg,640,480,logo,101,11,127,55
00057.jpg,640,480,logo,1,14,44,56
00058.jpg,640,480,logo,538,53,595,102
00059.jpg,640,480,logo,577,59,634,105
00060.jpg,640,480,logo,597,65,640,112
00061.jpg,640,480,logo,437,28,482,67
00061.jpg,640,480,logo,545,40,572,96
00062.jpg,640,480,logo,466,36,491,88
00062.jpg,640,480,logo,360,24,405,66
00063.jpg,640,480,logo,417,34,438,86
00063.jpg,640,480,logo,309,24,352,66
00064.jpg,640,480,logo,329,33,352,83
00064.jpg,640,480,logo,220,26,266,69
00065.jpg,640,480,logo,257,34,281,88
00065.jpg,640,480,logo,148,27,193,72
00066.jpg,640,480,logo,272,33,294,86
00066.jpg,640,480,logo,160,28,209,71
00067.jpg,640,480,logo,206,35,232,82
00067.jpg,640,480,logo,93,30,143,76
00068.jpg,640,480,logo,123,39,149,88
00068.jpg,640,480,logo,7,41,58,86
00069.jpg,640,480,logo,24,51,52,100
00070.jpg,640,480,logo,328,4,346,48
00070.jpg,640,480,logo,235,1,274,35
00071.jpg,640,480,logo,383,4,424,44
00071.jpg,640,480,logo,481,14,500,65
00072.jpg,640,480,logo,492,13,536,54
00072.jpg,640,480,logo,593,31,617,82
00073.jpg,640,480,logo,514,17,560,57
00073.jpg,640,480,logo,616,35,640,87
00074.jpg,640,480,logo,547,22,594,60
00075.jpg,640,480,logo,590,30,637,68
00076.jpg,640,480,logo,573,26,619,64
00077.jpg,640,480,logo,482,14,526,51
00077.jpg,640,480,logo,583,30,606,79
00078.jpg,640,480,logo,411,8,452,43
00078.jpg,640,480,logo,509,19,530,66
00079.jpg,640,480,logo,371,4,410,41
00079.jpg,640,480,logo,466,14,487,61
00080.jpg,640,480,logo,293,1,333,36
00080.jpg,640,480,logo,387,9,406,54
00081.jpg,640,480,logo,303,4,320,47
00081.jpg,640,480,logo,208,1,248,34
00082.jpg,640,480,logo,113,1,155,36
00082.jpg,640,480,logo,206,2,226,44
00083.jpg,640,480,logo,43,2,83,38
00083.jpg,640,480,logo,137,2,155,44
00084.jpg,640,480,logo,84,4,105,43
00084.jpg,640,480,logo,1,3,34,43
00085.jpg,640,480,logo,196,259,247,365
00085.jpg,640,480,logo,1,237,74,326
00086.jpg,640,480,logo,289,236,330,340
00086.jpg,640,480,logo,85,208,176,285
00087.jpg,640,480,logo,393,233,429,340
00087.jpg,640,480,logo,199,195,279,264
00088.jpg,640,480,logo,242,191,318,257
00088.jpg,640,480,logo,429,230,466,342
00089.jpg,640,480,logo,316,194,392,256
00089.jpg,640,480,logo,505,239,545,354
00090.jpg,640,480,logo,378,195,457,254
00090.jpg,640,480,logo,566,245,612,359
00091.jpg,640,480,logo,361,165,433,224
00091.jpg,640,480,logo,535,203,576,308
00092.jpg,640,480,logo,470,171,550,233
00093.jpg,640,480,logo,535,176,621,243
00094.jpg,640,480,logo,183,196,220,285
00094.jpg,640,480,logo,1,171,83,251
00095.jpg,640,480,logo,81,205,125,299
00096.jpg,640,480,logo,20,213,70,304
00097.jpg,640,480,logo,169,194,209,286
00097.jpg,640,480,logo,1,171,67,252
00098.jpg,640,480,logo,83,166,166,235
00098.jpg,640,480,logo,268,189,302,281
00099.jpg,640,480,logo,266,189,300,281
00099.jpg,640,480,logo,85,166,166,238
00100.jpg,640,480,logo,207,159,279,224
00100.jpg,640,480,logo,381,191,413,284
00101.jpg,640,480,logo,412,168,486,225
00101.jpg,640,480,logo,587,213,631,321
00102.jpg,640,480,logo,537,181,626,248
00103.jpg,640,480,logo,378,278,424,402
00103.jpg,640,480,logo,163,238,254,316
00104.jpg,640,480,logo,96,240,194,322
00104.jpg,640,480,logo,319,275,363,394
00105.jpg,640,480,logo,29,248,132,331
00105.jpg,640,480,logo,258,276,305,388
00106.jpg,640,480,logo,235,277,283,391
00106.jpg,640,480,logo,6,250,107,335
00107.jpg,640,480,logo,111,288,169,397
00108.jpg,640,480,logo,30,297,95,404
00109.jpg,640,480,logo,31,300,94,405
00110.jpg,640,480,logo,1,300,60,402
00111.jpg,640,480,logo,1,252,53,334
00112.jpg,640,480,logo,109,248,169,345
00113.jpg,640,480,logo,211,261,264,368
00113.jpg,640,480,logo,1,241,81,333
00114.jpg,640,480,logo,97,254,190,339
00114.jpg,640,480,logo,324,286,376,403
00115.jpg,640,480,logo,259,288,354,369
00115.jpg,640,480,logo,497,348,567,480
00116.jpg,640,480,logo,184,268,276,354
00116.jpg,640,480,logo,415,312,476,448
00117.jpg,640,480,logo,343,317,445,393
00117.jpg,640,480,logo,593,394,639,480
00118.jpg,640,480,logo,413,348,524,422
00119.jpg,640,480,logo,493,387,616,459
00120.jpg,640,480,logo,535,410,638,480
00121.jpg,640,480,logo,503,385,629,468
00122.jpg,640,480,logo,436,309,543,386
00123.jpg,640,480,logo,289,231,373,302
00123.jpg,640,480,logo,498,279,548,413
00124.jpg,640,480,logo,363,266,457,334
00124.jpg,640,480,logo,588,341,639,480
00125.jpg,640,480,logo,364,222,406,327
00125.jpg,640,480,logo,169,192,248,265
00126.jpg,640,480,logo,214,190,260,279
00126.jpg,640,480,logo,25,177,105,252
00127.jpg,640,480,logo,77,182,128,262
00128.jpg,640,480,logo,3,179,59,259
00129.jpg,640,480,logo,95,159,157,230
00130.jpg,640,480,logo,175,175,243,251
00130.jpg,640,480,logo,363,185,417,271
00131.jpg,640,480,logo,265,171,317,251
00131.jpg,640,480,logo,78,167,149,244
00132.jpg,640,480,logo,308,197,375,270
00132.jpg,640,480,logo,504,218,570,318
00133.jpg,640,480,logo,358,206,431,284
00133.jpg,640,480,logo,559,237,634,346
00134.jpg,640,480,logo,441,231,521,307
00135.jpg,640,480,logo,562,275,640,349
00136.jpg,640,480,logo,466,199,525,295
00136.jpg,640,480,logo,280,177,349,248
00137.jpg,640,480,logo,333,174,380,254
00137.jpg,640,480,logo,149,160,219,231
00138.jpg,640,480,logo,227,154,276,233
00138.jpg,640,480,logo,47,151,119,225
00139.jpg,640,480,logo,66,145,120,216
00140.jpg,640,480,logo,1,150,50,215
00141.jpg,640,480,logo,194,150,243,225
00141.jpg,640,480,logo,13,148,89,223
00142.jpg,640,480,logo,333,162,374,250
00142.jpg,640,480,logo,158,144,231,210
00143.jpg,640,480,logo,232,156,276,237
00143.jpg,640,480,logo,52,145,128,219
00144.jpg,640,480,logo,217,154,260,234
00144.jpg,640,480,logo,38,145,112,217
00145.jpg,640,480,logo,360,156,400,242
00145.jpg,640,480,logo,193,137,261,201
00146.jpg,640,480,logo,289,133,355,196
00146.jpg,640,480,logo,451,159,494,247
00147.jpg,640,480,logo,349,127,416,186
00147.jpg,640,480,logo,509,156,551,246
00148.jpg,640,480,logo,428,129,500,188
00148.jpg,640,480,logo,584,171,626,262
00149.jpg,640,480,logo,526,145,559,233
00149.jpg,640,480,logo,374,114,444,169
00150.jpg,640,480,logo,497,141,571,202
00151.jpg,640,480,logo,532,119,596,176
00152.jpg,640,480,logo,405,91,463,144
00152.jpg,640,480,logo,551,109,599,185
00153.jpg,640,480,logo,289,77,343,133
00153.jpg,640,480,logo,426,88,467,157
00154.jpg,640,480,logo,340,77,376,140
00154.jpg,640,480,logo,203,70,257,125
00155.jpg,640,480,logo,254,71,291,131
00155.jpg,640,480,logo,119,68,172,122
00156.jpg,640,480,logo,180,68,216,127
00156.jpg,640,480,logo,45,68,98,123
00157.jpg,640,480,logo,215,70,250,128
00157.jpg,640,480,logo,79,69,134,125
00158.jpg,640,480,logo,150,68,189,125
00158.jpg,640,480,logo,16,70,70,127
00159.jpg,640,480,logo,35,72,78,127
00160.jpg,640,480,logo,377,59,428,108
00160.jpg,640,480,logo,506,74,540,138
00161.jpg,640,480,logo,188,45,239,93
00161.jpg,640,480,logo,311,52,340,105
00162.jpg,640,480,logo,193,47,224,99
00162.jpg,640,480,logo,72,45,121,93
00163.jpg,640,480,logo,105,48,138,98
00163.jpg,640,480,logo,1,46,36,97
00164.jpg,640,480,logo,376,57,427,105
00164.jpg,640,480,logo,503,72,539,135
00165.jpg,640,480,logo,493,71,548,121
00166.jpg,640,480,logo,400,61,450,108
00166.jpg,640,480,logo,527,76,565,138
00167.jpg,640,480,logo,282,52,332,98
00167.jpg,640,480,logo,403,61,436,119
00168.jpg,640,480,logo,340,54,393,102
00168.jpg,640,480,logo,464,67,499,128
00169.jpg,640,480,logo,239,48,289,94
00169.jpg,640,480,logo,360,56,390,114
00170.jpg,640,480,logo,200,46,246,94
00170.jpg,640,480,logo,320,53,350,108
00171.jpg,640,480,logo,139,45,190,93
00171.jpg,640,480,logo,260,49,289,105
00172.jpg,640,480,logo,187,47,220,100
00172.jpg,640,480,logo,67,45,117,93
00173.jpg,640,480,logo,146,48,177,99
00173.jpg,640,480,logo,26,48,77,97
00174.jpg,640,480,logo,46,51,82,102
00175.jpg,640,480,logo,17,54,52,103
00176.jpg,640,480,logo,254,26,300,71
00176.jpg,640,480,logo,363,34,388,88
00177.jpg,640,480,logo,314,26,347,74
00177.jpg,640,480,logo,205,25,246,69
00178.jpg,640,480,logo,220,24,249,68
00178.jpg,640,480,logo,107,22,151,69
00179.jpg,640,480,logo,129,23,163,69
00179.jpg,640,480,logo,20,28,62,73
00180.jpg,640,480,logo,29,28,62,72
00181.jpg,640,480,logo,1,31,35,74
00182.jpg,640,480,logo,58,27,93,70
00183.jpg,640,480,logo,1,27,38,74
00183.jpg,640,480,logo,105,23,140,68
00184.jpg,640,480,logo,142,22,175,68
00184.jpg,640,480,logo,31,27,75,71
00185.jpg,640,480,logo,180,22,212,68
00185.jpg,640,480,logo,69,26,115,70
00186.jpg,640,480,logo,225,24,255,69
00186.jpg,640,480,logo,115,23,157,68
00187.jpg,640,480,logo,281,24,312,72
00187.jpg,640,480,logo,171,23,212,65
00188.jpg,640,480,logo,306,25,337,73
00188.jpg,640,480,logo,197,23,237,67
00189.jpg,640,480,logo,404,33,435,82
00189.jpg,640,480,logo,292,27,332,72
00190.jpg,640,480,logo,400,34,436,82
00190.jpg,640,480,logo,292,26,332,72
00191.jpg,640,480,logo,501,44,537,97
00191.jpg,640,480,logo,386,33,429,77
00192.jpg,640,480,logo,543,49,582,105
00192.jpg,640,480,logo,426,39,472,82
00193.jpg,640,480,logo,492,46,540,94
00194.jpg,640,480,logo,532,52,581,99
00195.jpg,640,480,logo,532,52,580,98
00196.jpg,640,480,logo,548,56,597,101
00197.jpg,640,480,logo,539,65,586,117
00198.jpg,640,480,logo,483,57,527,107
00199.jpg,640,480,logo,440,51,483,100
00199.jpg,640,480,logo,561,62,603,115
00200.jpg,640,480,logo,383,45,426,91
00200.jpg,640,480,logo,499,52,544,105
00201.jpg,640,480,logo,423,42,463,95
00201.jpg,640,480,logo,309,38,348,87
00202.jpg,640,480,logo,369,37,406,89
00202.jpg,640,480,logo,256,35,294,82
00203.jpg,640,480,logo,309,33,344,84
00203.jpg,640,480,logo,197,34,234,82
00204.jpg,640,480,logo,240,31,276,77
00204.jpg,640,480,logo,126,34,168,81
00205.jpg,640,480,logo,174,28,212,76
00205.jpg,640,480,logo,60,34,103,83
00206.jpg,640,480,logo,143,28,180,77
00206.jpg,640,480,logo,27,35,69,85
00207.jpg,640,480,logo,109,30,149,77
00207.jpg,640,480,logo,1,35,37,90
00208.jpg,640,480,logo,49,32,92,77
00209.jpg,640,480,logo,9,35,52,79
00210.jpg,640,480,logo,29,34,70,77
00211.jpg,640,480,logo,115,28,154,75
00211.jpg,640,480,logo,3,35,45,88
00212.jpg,640,480,logo,205,28,243,75
00212.jpg,640,480,logo,93,32,135,82
00213.jpg,640,480,logo,282,31,320,79
00213.jpg,640,480,logo,170,31,208,80
00214.jpg,640,480,logo,279,31,317,79
00214.jpg,640,480,logo,167,32,207,79
00215.jpg,640,480,logo,377,36,416,89
00215.jpg,640,480,logo,263,34,303,82
00216.jpg,640,480,logo,421,42,463,96
00216.jpg,640,480,logo,309,38,347,85
00217.jpg,640,480,logo,484,49,529,105
00217.jpg,640,480,logo,369,42,409,91
00218.jpg,640,480,logo,466,54,511,103
00218.jpg,640,480,logo,589,65,636,124
00219.jpg,640,480,logo,417,48,457,95
00219.jpg,640,480,logo,537,56,580,111
00220.jpg,640,480,logo,532,63,579,114
00221.jpg,640,480,logo,573,71,622,120
00222.jpg,640,480,logo,474,48,520,101
00222.jpg,640,480,logo,359,42,399,91
00223.jpg,640,480,logo,313,19,348,67
00223.jpg,640,480,logo,206,19,246,64
00224.jpg,640,480,logo,419,26,455,75
00224.jpg,640,480,logo,310,21,350,66
00225.jpg,640,480,logo,462,36,505,82
00225.jpg,640,480,logo,579,47,620,105
00226.jpg,640,480,logo,377,28,423,71
00226.jpg,640,480,logo,492,34,532,87
00227.jpg,640,480,logo,555,51,606,95
00228.jpg,640,480,logo,594,59,640,105
00229.jpg,640,480,logo,499,43,544,87
00229.jpg,640,480,logo,617,57,640,105
00230.jpg,640,480,logo,522,41,563,94
00230.jpg,640,480,logo,409,31,455,77
00231.jpg,640,480,logo,319,20,352,68
00231.jpg,640,480,logo,211,19,252,62
00232.jpg,640,480,logo,426,28,463,78
00232.jpg,640,480,logo,317,23,357,68
00233.jpg,640,480,logo,202,16,237,62
00233.jpg,640,480,logo,95,19,138,65
00234.jpg,640,480,logo,100,17,137,61
00234.jpg,640,480,logo,1,23,40,70
00235.jpg,640,480,logo,52,20,88,65
00236.jpg,640,480,logo,3,24,41,66
00237.jpg,640,480,logo,229,139,288,211
00237.jpg,640,480,logo,59,151,120,228
00238.jpg,640,480,logo,337,153,397,228
00238.jpg,640,480,logo,162,155,224,235
00239.jpg,640,480,logo,406,166,476,248
00239.jpg,640,480,logo,234,162,294,241
00240.jpg,640,480,logo,470,179,546,265
00240.jpg,640,480,logo,297,173,357,250
00241.jpg,640,480,logo,375,188,434,268
00241.jpg,640,480,logo,560,203,638,297
00242.jpg,640,480,logo,523,232,598,311
00243.jpg,640,480,logo,452,210,520,288
00244.jpg,640,480,logo,554,243,634,326
00245.jpg,640,480,logo,580,259,640,334
00246.jpg,640,480,logo,412,167,483,247
00246.jpg,640,480,logo,240,163,299,242
00247.jpg,640,480,logo,274,144,332,217
00247.jpg,640,480,logo,101,152,165,231
00248.jpg,640,480,logo,144,135,206,200
00248.jpg,640,480,logo,1,147,38,222
00249.jpg,640,480,logo,209,138,270,207
00249.jpg,640,480,logo,40,148,103,230
00250.jpg,640,480,logo,49,135,117,196
00251.jpg,640,480,logo,5,136,72,197
00252.jpg,640,480,logo,1,138,65,196
00253.jpg,640,480,logo,203,243,277,331
00253.jpg,640,480,logo,1,248,63,353
00254.jpg,640,480,logo,274,256,346,351
00254.jpg,640,480,logo,40,257,132,359
00255.jpg,640,480,logo,379,278,458,391
00255.jpg,640,480,logo,144,271,229,373
00256.jpg,640,480,logo,452,306,541,430
00256.jpg,640,480,logo,214,287,295,387
00257.jpg,640,480,logo,280,308,366,409
00257.jpg,640,480,logo,529,337,629,468
00258.jpg,640,480,logo,386,351,481,447
00259.jpg,640,480,logo,431,371,529,467
00260.jpg,640,480,logo,406,289,487,403
00260.jpg,640,480,logo,170,278,253,377
00261.jpg,640,480,logo,274,254,346,353
00261.jpg,640,480,logo,45,257,132,360
00262.jpg,640,480,logo,149,236,224,323
00263.jpg,640,480,logo,100,231,178,318
00264.jpg,640,480,logo,1,228,80,303
00265.jpg,640,480,logo,109,232,186,314
00266.jpg,640,480,logo,412,297,500,411
00266.jpg,640,480,logo,177,282,265,382
00267.jpg,640,480,logo,292,388,383,480
00267.jpg,640,480,logo,2,374,118,480
00268.jpg,640,480,logo,272,368,354,480
00268.jpg,640,480,logo,1,349,108,465
00269.jpg,640,480,logo,153,331,233,445
00270.jpg,640,480,logo,51,317,140,419
00271.jpg,640,480,logo,286,371,363,480
00271.jpg,640,480,logo,3,348,123,465
00272.jpg,640,480,peanut,229,217,256,231
00272.jpg,640,480,peanut,74,171,89,188
00273.jpg,640,480,peanut,229,215,255,233
00273.jpg,640,480,peanut,74,171,91,188
00273.jpg,640,480,peanut,26,268,54,282
00274.jpg,640,480,peanut,228,217,254,231
00274.jpg,640,480,peanut,149,200,172,215
00274.jpg,640,480,peanut,27,269,53,283
00275.jpg,640,480,peanut,263,259,292,272
00275.jpg,640,480,peanut,47,177,65,191
00275.jpg,640,480,peanut,26,268,54,283
00276.jpg,640,480,peanut,246,305,275,320
00276.jpg,640,480,peanut,377,353,415,372
00276.jpg,640,480,peanut,26,268,54,283
00277.jpg,640,480,peanut,59,319,90,335
00277.jpg,640,480,peanut,246,304,276,321
00277.jpg,640,480,peanut,377,354,413,370
00278.jpg,640,480,peanut,290,333,320,355
00278.jpg,640,480,peanut,3,414,39,432
00279.jpg,640,480,peanut,290,334,320,354
00279.jpg,640,480,peanut,237,374,270,391
00280.jpg,640,480,peanut,195,217,220,234
00280.jpg,640,480,peanut,192,308,217,326
00280.jpg,640,480,peanut,291,334,321,354
00281.jpg,640,480,peanut,282,243,303,260
00281.jpg,640,480,peanut,195,217,218,234
00281.jpg,640,480,peanut,191,276,219,291
00282.jpg,640,480,peanut,264,218,289,231
00282.jpg,640,480,peanut,177,161,197,175
00282.jpg,640,480,peanut,169,243,195,256
00283.jpg,640,480,peanut,284,188,305,202
00283.jpg,640,480,peanut,197,129,215,142
00283.jpg,640,480,peanut,170,220,194,232
00284.jpg,640,480,peanut,434,156,452,168
00284.jpg,640,480,peanut,198,131,217,142
00284.jpg,640,480,peanut,82,248,106,262
00285.jpg,640,480,peanut,157,187,174,202
00285.jpg,640,480,peanut,434,156,452,168
00285.jpg,640,480,peanut,82,248,105,262
00286.jpg,640,480,peanut,280,194,296,210
00286.jpg,640,480,peanut,158,186,173,202
00286.jpg,640,480,peanut,81,249,108,263
00287.jpg,640,480,peanut,156,92,170,105
00287.jpg,640,480,peanut,123,148,145,161
00287.jpg,640,480,peanut,235,147,256,158
00288.jpg,640,480,peanut,229,124,247,137
00288.jpg,640,480,peanut,134,68,146,78
00288.jpg,640,480,peanut,6,114,26,124
00289.jpg,640,480,peanut,231,125,246,138
00289.jpg,640,480,peanut,74,128,89,139
00289.jpg,640,480,peanut,252,171,272,187
00290.jpg,640,480,peanut,75,128,91,139
00290.jpg,640,480,peanut,181,125,197,139
00290.jpg,640,480,peanut,220,105,235,118
00291.jpg,640,480,peanut,72,107,83,117
00291.jpg,640,480,peanut,154,100,173,111
00291.jpg,640,480,peanut,213,91,231,101
00292.jpg,640,480,peanut,71,107,86,118
00292.jpg,640,480,peanut,121,64,134,74
00292.jpg,640,480,peanut,213,69,229,79
00293.jpg,640,480,peanut,121,64,134,74
00293.jpg,640,480,peanut,214,69,228,79
00294.jpg,640,480,peanut,213,68,227,79
00294.jpg,640,480,peanut,121,64,134,75
00294.jpg,640,480,peanut,20,68,39,77
00295.jpg,640,480,peanut,213,68,227,79
00295.jpg,640,480,peanut,121,65,134,77
00295.jpg,640,480,peanut,52,71,63,82
00296.jpg,640,480,peanut,230,59,246,68
00296.jpg,640,480,peanut,148,45,159,56
00296.jpg,640,480,peanut,59,62,77,71
00297.jpg,640,480,peanut,232,59,246,70
00297.jpg,640,480,peanut,151,43,166,54
00297.jpg,640,480,peanut,14,68,31,77
00298.jpg,640,480,peanut,149,45,165,55
00298.jpg,640,480,peanut,50,74,62,86
00298.jpg,640,480,peanut,132,154,150,166
00299.jpg,640,480,peanut,150,45,166,54
00299.jpg,640,480,peanut,17,77,32,87
00299.jpg,640,480,peanut,132,153,149,167
00300.jpg,640,480,peanut,149,44,166,54
00300.jpg,640,480,peanut,112,95,127,105
00300.jpg,640,480,peanut,19,75,33,85
00301.jpg,640,480,peanut,151,45,167,54
00301.jpg,640,480,peanut,114,94,129,105
00301.jpg,640,480,peanut,49,38,67,45
00302.jpg,640,480,peanut,50,36,66,46
00302.jpg,640,480,peanut,62,71,76,80
00302.jpg,640,480,peanut,112,94,132,105
00303.jpg,640,480,peanut,120,65,137,75
00303.jpg,640,480,peanut,60,71,74,79
00303.jpg,640,480,peanut,52,37,65,46
00304.jpg,640,480,peanut,124,365,160,385
00304.jpg,640,480,peanut,121,67,135,76
00304.jpg,640,480,peanut,60,71,72,80
00304.jpg,640,480,peanut,51,37,65,45
00305.jpg,640,480,peanut,120,66,137,76
00305.jpg,640,480,peanut,59,71,73,79
00305.jpg,640,480,peanut,50,36,65,48
00305.jpg,640,480,peanut,207,406,237,433
00306.jpg,640,480,peanut,121,66,135,75
00306.jpg,640,480,peanut,51,37,63,46
00306.jpg,640,480,peanut,60,71,73,79
00306.jpg,640,480,peanut,254,329,277,354
00307.jpg,640,480,peanut,363,346,389,371
00307.jpg,640,480,peanut,118,67,135,75
00307.jpg,640,480,peanut,61,71,72,79
00307.jpg,640,480,peanut,49,37,64,46
00308.jpg,640,480,peanut,511,334,541,351
00308.jpg,640,480,peanut,120,67,134,75
00308.jpg,640,480,peanut,61,71,74,79
00308.jpg,640,480,peanut,50,36,63,46
00309.jpg,640,480,peanut,121,67,134,76
00309.jpg,640,480,peanut,58,71,73,80
00309.jpg,640,480,peanut,52,36,66,45
00309.jpg,640,480,peanut,503,408,535,434
00310.jpg,640,480,peanut,266,411,297,434
00310.jpg,640,480,peanut,121,66,135,75
00310.jpg,640,480,peanut,62,71,73,79
00310.jpg,640,480,peanut,49,37,66,45
00311.jpg,640,480,peanut,50,37,65,47
00311.jpg,640,480,peanut,60,72,74,81
00311.jpg,640,480,peanut,118,68,135,76
00311.jpg,640,480,peanut,23,404,49,428
00312.jpg,640,480,peanut,145,290,174,308
00312.jpg,640,480,peanut,119,66,135,75
00312.jpg,640,480,peanut,60,71,73,79
00312.jpg,640,480,peanut,50,37,66,45
00313.jpg,640,480,peanut,310,160,334,177
00313.jpg,640,480,peanut,161,152,183,165
00313.jpg,640,480,peanut,114,182,132,197
00313.jpg,640,480,peanut,111,252,130,271
00313.jpg,640,480,peanut,287,264,310,284
00314.jpg,640,480,peanut,309,161,336,177
00314.jpg,640,480,peanut,286,264,311,282
00314.jpg,640,480,peanut,96,209,114,228
00314.jpg,640,480,peanut,20,228,49,243
00314.jpg,640,480,peanut,110,254,132,274
00315.jpg,640,480,peanut,21,228,49,242
00315.jpg,640,480,peanut,95,210,114,227
00315.jpg,640,480,peanut,218,210,239,229
00315.jpg,640,480,peanut,110,254,130,275
00315.jpg,640,480,peanut,286,264,310,284
00316.jpg,640,480,peanut,303,257,329,273
00316.jpg,640,480,peanut,289,265,310,288
00316.jpg,640,480,peanut,219,210,240,229
00316.jpg,640,480,peanut,161,242,180,260
00316.jpg,640,480,peanut,156,277,184,294
00317.jpg,640,480,peanut,326,272,360,292
00317.jpg,640,480,peanut,219,211,239,229
00317.jpg,640,480,peanut,161,241,182,260
00317.jpg,640,480,peanut,154,279,186,295
00317.jpg,640,480,peanut,170,421,207,445
00318.jpg,640,480,peanut,326,272,355,290
00318.jpg,640,480,peanut,220,212,237,230
00318.jpg,640,480,peanut,162,243,181,261
00318.jpg,640,480,peanut,17,277,45,292
00318.jpg,640,480,peanut,169,421,207,443
00319.jpg,640,480,peanut,115,165,142,178
00319.jpg,640,480,peanut,219,211,237,229
00319.jpg,640,480,peanut,327,273,357,291
00319.jpg,640,480,peanut,171,421,206,445
00319.jpg,640,480,peanut,18,276,45,294
00320.jpg,640,480,peanut,328,274,356,288
00320.jpg,640,480,peanut,269,113,292,127
00320.jpg,640,480,peanut,142,126,161,136
00320.jpg,640,480,peanut,17,276,47,294
00320.jpg,640,480,peanut,171,422,208,445
00321.jpg,640,480,peanut,303,151,326,164
00321.jpg,640,480,peanut,269,114,293,126
00321.jpg,640,480,peanut,141,125,160,137
00321.jpg,640,480,peanut,17,276,46,293
00321.jpg,640,480,peanut,170,420,208,447
00322.jpg,640,480,peanut,303,151,326,162
00322.jpg,640,480,peanut,225,188,249,202
00322.jpg,640,480,peanut,269,114,292,126
00322.jpg,640,480,peanut,143,122,164,137
00322.jpg,640,480,peanut,18,277,49,294
00323.jpg,640,480,peanut,180,118,196,129
00323.jpg,640,480,peanut,140,125,163,139
00323.jpg,640,480,peanut,269,113,290,125
00323.jpg,640,480,peanut,303,151,326,164
00323.jpg,640,480,peanut,224,188,249,202
00324.jpg,640,480,peanut,304,151,327,162
00324.jpg,640,480,peanut,268,115,290,128
00324.jpg,640,480,peanut,180,117,197,130
00324.jpg,640,480,peanut,84,78,100,88
00324.jpg,640,480,peanut,225,188,248,202
00325.jpg,640,480,peanut,84,76,97,88
00325.jpg,640,480,peanut,179,117,200,128
00325.jpg,640,480,peanut,269,115,290,128
00325.jpg,640,480,peanut,302,151,327,162
00325.jpg,640,480,peanut,46,264,77,279
00326.jpg,640,480,peanut,372,237,395,254
00326.jpg,640,480,peanut,303,151,324,162
00326.jpg,640,480,peanut,269,114,289,127
00326.jpg,640,480,peanut,181,117,197,129
00326.jpg,640,480,peanut,83,77,100,89
00327.jpg,640,480,peanut,300,151,325,161
00327.jpg,640,480,peanut,269,114,290,126
00327.jpg,640,480,peanut,181,118,199,129
00327.jpg,640,480,peanut,84,77,100,89
00327.jpg,640,480,peanut,203,203,220,221
00328.jpg,640,480,peanut,271,115,289,128
00328.jpg,640,480,peanut,179,118,197,129
00328.jpg,640,480,peanut,84,78,101,88
00328.jpg,640,480,peanut,50,146,70,159
00328.jpg,640,480,peanut,202,205,220,222
00329.jpg,640,480,peanut,234,72,249,84
00329.jpg,640,480,peanut,180,119,196,128
00329.jpg,640,480,peanut,86,79,99,89
00329.jpg,640,480,peanut,52,146,69,159
00329.jpg,640,480,peanut,203,204,220,220
00330.jpg,640,480,peanut,231,73,249,84
00330.jpg,640,480,peanut,140,64,154,74
00330.jpg,640,480,peanut,95,102,115,114
00330.jpg,640,480,peanut,200,205,220,222
00330.jpg,640,480,peanut,154,384,177,411
00331.jpg,640,480,peanut,142,65,157,74
00331.jpg,640,480,peanut,232,72,249,85
00331.jpg,640,480,peanut,92,102,112,116
00331.jpg,640,480,peanut,203,203,219,220
00331.jpg,640,480,peanut,242,428,279,456
00332.jpg,640,480,peanut,234,72,248,85
00332.jpg,640,480,peanut,139,63,155,74
00332.jpg,640,480,peanut,95,102,113,116
00332.jpg,640,480,peanut,200,202,221,220
00332.jpg,640,480,peanut,417,433,454,455
00333.jpg,640,480,peanut,138,64,157,74
00333.jpg,640,480,peanut,93,102,113,114
00333.jpg,640,480,peanut,232,73,249,85
00333.jpg,640,480,peanut,201,204,220,222
00333.jpg,640,480,peanut,543,405,580,429
00334.jpg,640,480,peanut,527,302,555,328
00334.jpg,640,480,peanut,200,202,223,220
00334.jpg,640,480,peanut,232,72,249,86
00334.jpg,640,480,peanut,139,64,155,75
00334.jpg,640,480,peanut,95,102,114,114
00335.jpg,640,480,peanut,456,225,480,239
00335.jpg,640,480,peanut,202,202,219,220
00335.jpg,640,480,peanut,232,74,248,86
00335.jpg,640,480,peanut,140,62,154,74
00335.jpg,640,480,peanut,95,101,114,114
00336.jpg,640,480,peanut,454,225,480,239
00336.jpg,640,480,peanut,232,72,249,85
00336.jpg,640,480,peanut,139,63,156,74
00336.jpg,640,480,peanut,95,102,114,115
00336.jpg,640,480,peanut,64,183,91,198
00337.jpg,640,480,peanut,454,225,480,239
00337.jpg,640,480,peanut,234,93,252,104
00337.jpg,640,480,peanut,139,63,155,74
00337.jpg,640,480,peanut,106,131,129,144
00337.jpg,640,480,peanut,65,182,89,197
00338.jpg,640,480,peanut,454,226,480,239
00338.jpg,640,480,peanut,121,236,149,251
00338.jpg,640,480,peanut,187,133,202,148
00338.jpg,640,480,peanut,232,94,252,105
00338.jpg,640,480,peanut,139,62,159,74
00339.jpg,640,480,peanut,454,225,480,239
00339.jpg,640,480,peanut,122,237,147,251
00339.jpg,640,480,peanut,189,134,203,147
00339.jpg,640,480,peanut,232,92,254,106
00339.jpg,640,480,peanut,167,43,183,53
00340.jpg,640,480,peanut,235,252,265,267
00340.jpg,640,480,peanut,131,205,147,221
00340.jpg,640,480,logo,150,83,207,139
00340.jpg,640,480,logo,290,94,324,158
00341.jpg,640,480,logo,432,111,466,182
00341.jpg,640,480,logo,287,90,344,146
00341.jpg,640,480,peanut,261,217,277,235
00341.jpg,640,480,peanut,365,279,395,294
00342.jpg,640,480,peanut,361,233,380,253
00342.jpg,640,480,peanut,477,311,504,327
00342.jpg,640,480,peanut,66,354,94,380
00342.jpg,640,480,logo,396,105,457,159
00342.jpg,640,480,logo,545,131,586,210
00343.jpg,640,480,peanut,391,242,409,261
00343.jpg,640,480,peanut,502,321,535,342
00343.jpg,640,480,peanut,89,357,120,383
00343.jpg,640,480,logo,424,110,488,162
00343.jpg,640,480,logo,579,139,621,219
00344.jpg,640,480,peanut,514,276,534,296
00344.jpg,640,480,peanut,194,378,223,405
00344.jpg,640,480,logo,553,137,625,192
00345.jpg,640,480,peanut,532,281,552,303
00345.jpg,640,480,peanut,208,380,237,408
00345.jpg,640,480,logo,572,142,640,195
00346.jpg,640,480,peanut,183,245,208,259
00346.jpg,640,480,peanut,74,205,91,220
00346.jpg,640,480,logo,232,90,265,155
00346.jpg,640,480,logo,92,82,151,138
00347.jpg,640,480,logo,55,88,93,147
00347.jpg,640,480,peanut,17,237,44,253
00348.jpg,640,480,logo,1,93,36,150
00349.jpg,640,480,logo,59,87,98,147
00349.jpg,640,480,peanut,21,237,50,253
00350.jpg,640,480,peanut,277,402,310,430
00350.jpg,640,480,peanut,623,312,640,340
00351.jpg,640,480,peanut,436,300,467,318
00351.jpg,640,480,peanut,329,229,346,247
00351.jpg,640,480,peanut,34,352,65,379
00351.jpg,640,480,logo,358,99,421,154
00351.jpg,640,480,logo,508,122,547,202
00352.jpg,640,480,peanut,236,249,265,265
00352.jpg,640,480,peanut,133,202,149,222
00352.jpg,640,480,logo,152,81,210,137
00352.jpg,640,480,logo,292,93,326,159
00353.jpg,640,480,peanut,115,236,147,253
00353.jpg,640,480,peanut,11,202,29,220
00353.jpg,640,480,logo,25,79,86,139
00353.jpg,640,480,logo,165,85,200,147
00354.jpg,640,480,logo,337,97,369,161
00354.jpg,640,480,logo,198,84,254,137
00354.jpg,640,480,peanut,175,204,190,224
00354.jpg,640,480,peanut,276,257,306,271
00355.jpg,640,480,peanut,422,291,453,309
00355.jpg,640,480,peanut,317,222,334,240
00355.jpg,640,480,peanut,25,345,56,371
00355.jpg,640,480,logo,346,97,408,151
00355.jpg,640,480,logo,491,118,530,192
00356.jpg,640,480,peanut,237,181,261,197
00356.jpg,640,480,peanut,146,150,160,163
00356.jpg,640,480,logo,159,50,214,102
00356.jpg,640,480,logo,284,60,314,114
00357.jpg,640,480,peanut,427,214,454,229
00357.jpg,640,480,peanut,335,165,352,180
00357.jpg,640,480,peanut,101,252,126,274
00357.jpg,640,480,logo,357,62,412,111
00357.jpg,640,480,logo,486,79,522,143
00358.jpg,640,480,peanut,524,238,557,257
00358.jpg,640,480,peanut,429,180,448,197
00358.jpg,640,480,peanut,186,259,211,282
00358.jpg,640,480,logo,456,76,514,123
00358.jpg,640,480,logo,594,98,630,167
00359.jpg,640,480,logo,456,77,513,122
00359.jpg,640,480,logo,591,99,629,166
00359.jpg,640,480,peanut,519,177,538,193
00359.jpg,640,480,peanut,526,238,554,254
00359.jpg,640,480,peanut,430,179,446,197
00360.jpg,640,480,peanut,595,197,617,214
00360.jpg,640,480,peanut,604,263,633,280
00360.jpg,640,480,peanut,503,194,519,214
00360.jpg,640,480,logo,531,88,593,137
00361.jpg,640,480,logo,581,99,640,148
00361.jpg,640,480,peanut,554,208,569,225
00362.jpg,640,480,peanut,160,132,177,145
00362.jpg,640,480,peanut,172,177,197,191
00362.jpg,640,480,peanut,79,148,98,162
00362.jpg,640,480,logo,93,49,149,99
00362.jpg,640,480,logo,217,56,246,111
00363.jpg,640,480,logo,181,54,209,112
00363.jpg,640,480,logo,55,51,111,99
00363.jpg,640,480,peanut,124,131,143,145
00363.jpg,640,480,peanut,135,176,160,190
00363.jpg,640,480,peanut,43,148,63,162
00364.jpg,640,480,peanut,84,131,103,146
00364.jpg,640,480,peanut,97,174,120,188
00364.jpg,640,480,peanut,4,151,22,163
00364.jpg,640,480,logo,15,53,69,104
00364.jpg,640,480,logo,140,55,170,110
00365.jpg,640,480,logo,54,56,86,109
00365.jpg,640,480,peanut,3,131,20,150
00365.jpg,640,480,peanut,15,174,42,191
00366.jpg,640,480,peanut,22,135,39,148
00366.jpg,640,480,peanut,19,175,41,189
00366.jpg,640,480,logo,56,57,87,110
00367.jpg,640,480,logo,28,59,61,111
00367.jpg,640,480,peanut,1,137,14,153
00367.jpg,640,480,peanut,1,177,15,192
00368.jpg,640,480,peanut,147,134,166,147
00368.jpg,640,480,peanut,139,175,167,190
00368.jpg,640,480,peanut,74,154,96,169
00368.jpg,640,480,logo,62,51,113,100
00368.jpg,640,480,logo,184,56,216,110
00369.jpg,640,480,peanut,466,171,489,185
00369.jpg,640,480,peanut,455,222,482,237
00369.jpg,640,480,peanut,389,182,409,197
00369.jpg,640,480,logo,389,66,442,116
00369.jpg,640,480,logo,518,82,553,149
00370.jpg,640,480,peanut,594,202,617,216
00370.jpg,640,480,peanut,580,257,609,273
00370.jpg,640,480,peanut,509,208,528,222
00370.jpg,640,480,logo,512,84,571,133
00371.jpg,640,480,peanut,469,168,484,185
00371.jpg,640,480,peanut,420,184,446,199
00371.jpg,640,480,peanut,460,282,480,305
00371.jpg,640,480,logo,512,84,571,133
00372.jpg,640,480,logo,383,63,440,113
00372.jpg,640,480,logo,513,82,549,150
00372.jpg,640,480,peanut,349,148,363,163
00372.jpg,640,480,peanut,303,165,328,178
00372.jpg,640,480,peanut,343,250,360,271
00373.jpg,640,480,peanut,217,134,234,149
00373.jpg,640,480,peanut,174,153,197,166
00373.jpg,640,480,peanut,217,227,231,248
00373.jpg,640,480,logo,251,54,300,100
00373.jpg,640,480,logo,374,65,403,124
00374.jpg,640,480,logo,245,59,273,112
00374.jpg,640,480,logo,120,51,175,97
00374.jpg,640,480,peanut,94,131,111,146
00374.jpg,640,480,peanut,51,152,75,166
00374.jpg,640,480,peanut,99,221,114,238
00375.jpg,640,480,peanut,96,108,112,119
00375.jpg,640,480,peanut,60,125,80,137
00375.jpg,640,480,peanut,100,182,120,199
00375.jpg,640,480,logo,128,34,175,81
00375.jpg,640,480,logo,240,40,267,94
00376.jpg,640,480,logo,392,48,443,93
00376.jpg,640,480,logo,511,66,543,124
00376.jpg,640,480,peanut,355,122,372,134
00376.jpg,640,480,peanut,312,134,337,148
00376.jpg,640,480,peanut,347,205,368,228
00377.jpg,640,480,peanut,283,114,297,127
00377.jpg,640,480,peanut,240,128,267,140
00377.jpg,640,480,peanut,277,196,295,214
00377.jpg,640,480,logo,314,39,366,85
00377.jpg,640,480,logo,432,54,460,111
00378.jpg,640,480,logo,491,59,544,106
00378.jpg,640,480,logo,615,85,640,146
00378.jpg,640,480,peanut,452,136,465,150
00378.jpg,640,480,peanut,406,148,429,161
00378.jpg,640,480,peanut,441,226,459,246
00379.jpg,640,480,peanut,507,142,520,158
00379.jpg,640,480,peanut,460,157,486,170
00379.jpg,640,480,peanut,497,241,513,259
00379.jpg,640,480,logo,546,68,604,117
00380.jpg,640,480,logo,240,26,289,69
00380.jpg,640,480,logo,352,35,377,91
00380.jpg,640,480,peanut,104,105,120,117
00380.jpg,640,480,peanut,126,134,151,146
00380.jpg,640,480,peanut,137,172,160,188
00381.jpg,640,480,peanut,303,111,321,124
00381.jpg,640,480,peanut,326,146,348,159
00381.jpg,640,480,peanut,334,191,355,208
00381.jpg,640,480,logo,451,43,503,85
00381.jpg,640,480,logo,567,62,600,121
00382.jpg,640,480,logo,523,54,582,97
00382.jpg,640,480,peanut,370,118,389,134
00382.jpg,640,480,peanut,392,157,415,170
00382.jpg,640,480,peanut,399,204,421,219
00383.jpg,640,480,peanut,427,127,444,139
00383.jpg,640,480,peanut,451,167,474,182
00383.jpg,640,480,peanut,455,217,480,233
00383.jpg,640,480,logo,587,64,640,109
00384.jpg,640,480,logo,175,23,226,68
00384.jpg,640,480,logo,286,32,311,82
00384.jpg,640,480,peanut,40,106,56,119
00384.jpg,640,480,peanut,66,132,87,145
00384.jpg,640,480,peanut,77,171,103,188
00385.jpg,640,480,logo,178,24,225,68
00385.jpg,640,480,logo,287,34,309,83
00385.jpg,640,480,peanut,194,111,216,122
00385.jpg,640,480,peanut,40,106,57,119
00385.jpg,640,480,peanut,77,171,100,187
00386.jpg,640,480,peanut,193,110,213,123
00386.jpg,640,480,peanut,187,154,200,170
00386.jpg,640,480,peanut,76,169,98,187
00386.jpg,640,480,logo,178,25,226,69
00386.jpg,640,480,logo,288,34,310,83
00387.jpg,640,480,peanut,241,101,255,114
00387.jpg,640,480,peanut,186,154,199,168
00387.jpg,640,480,peanut,77,122,95,135
00387.jpg,640,480,logo,179,26,226,66
00387.jpg,640,480,logo,288,33,309,82
00388.jpg,640,480,logo,341,68,371,128
00388.jpg,640,480,logo,217,59,266,107
00388.jpg,640,480,peanut,104,184,122,199
00389.jpg,640,480,peanut,18,184,34,199
00389.jpg,640,480,logo,125,54,177,107
00389.jpg,640,480,logo,250,62,278,119
00390.jpg,640,480,logo,432,77,464,139
00390.jpg,640,480,logo,304,60,357,112
00390.jpg,640,480,peanut,189,186,206,203
00391.jpg,640,480,peanut,297,198,313,215
00391.jpg,640,480,logo,420,75,474,125
00391.jpg,640,480,logo,555,93,591,166
00392.jpg,640,480,logo,419,76,474,122
00392.jpg,640,480,logo,554,95,589,169
00392.jpg,640,480,peanut,294,197,312,214
00393.jpg,640,480,peanut,408,217,426,235
00393.jpg,640,480,logo,541,97,606,144
00394.jpg,640,480,logo,580,105,640,155
00394.jpg,640,480,peanut,446,225,463,246
00395.jpg,640,480,peanut,141,185,157,199
00395.jpg,640,480,logo,257,60,305,108
00395.jpg,640,480,logo,382,72,412,132
00396.jpg,640,480,logo,412,77,468,122
00396.jpg,640,480,logo,549,97,584,159
00396.jpg,640,480,peanut,289,195,306,214
00397.jpg,640,480,peanut,38,183,57,199
00397.jpg,640,480,logo,146,55,200,102
00397.jpg,640,480,logo,272,64,303,120
00398.jpg,640,480,logo,243,62,273,118
00398.jpg,640,480,logo,118,54,170,105
00398.jpg,640,480,peanut,12,185,27,200
00399.jpg,640,480,peanut,100,228,119,248
00399.jpg,640,480,logo,89,91,149,152
00399.jpg,640,480,logo,233,97,277,159
00400.jpg,640,480,logo,416,115,457,185
00400.jpg,640,480,logo,267,99,320,158
00400.jpg,640,480,peanut,266,246,288,263
00401.jpg,640,480,peanut,364,265,387,285
00401.jpg,640,480,logo,373,113,430,171
00401.jpg,640,480,logo,527,135,577,214
00402.jpg,640,480,logo,482,133,549,194
00402.jpg,640,480,peanut,469,297,497,318
00403.jpg,640,480,peanut,528,317,552,339
00403.jpg,640,480,logo,537,147,612,205
00404.jpg,640,480,logo,540,148,610,205
00404.jpg,640,480,peanut,529,318,554,337
00405.jpg,640,480,peanut,309,254,335,274
00405.jpg,640,480,logo,314,106,372,163
00405.jpg,640,480,logo,467,124,512,196
00406.jpg,640,480,logo,219,97,276,153
00406.jpg,640,480,logo,367,108,406,177
00406.jpg,640,480,peanut,220,238,239,258
00407.jpg,640,480,peanut,109,228,128,247
00407.jpg,640,480,logo,99,91,158,151
00407.jpg,640,480,logo,246,98,286,160
00408.jpg,640,480,logo,160,94,200,154
00408.jpg,640,480,logo,11,92,71,152
00408.jpg,640,480,peanut,27,227,46,247
00409.jpg,640,480,logo,35,94,80,154
00409.jpg,640,480,peanut,78,242,109,259
00410.jpg,640,480,peanut,164,248,192,265
00410.jpg,640,480,logo,129,92,170,152
00410.jpg,640,480,logo,1,92,40,151
00411.jpg,640,480,logo,63,91,120,151
00411.jpg,640,480,logo,209,94,249,157
00411.jpg,640,480,peanut,240,257,266,274
00412.jpg,640,480,peanut,333,277,360,292
00412.jpg,640,480,logo,309,102,348,167
00412.jpg,640,480,logo,163,93,220,151
00413.jpg,640,480,logo,261,100,314,158
00413.jpg,640,480,logo,406,111,449,185
00413.jpg,640,480,peanut,428,302,460,322
00414.jpg,640,480,peanut,508,331,542,350
00414.jpg,640,480,logo,489,126,537,202
00414.jpg,640,480,logo,337,108,395,168
00415.jpg,640,480,logo,416,122,480,178
00415.jpg,640,480,logo,578,145,631,228
00415.jpg,640,480,peanut,594,368,630,389
00416.jpg,640,480,logo,417,121,481,179
00416.jpg,640,480,logo,577,147,631,228
00416.jpg,640,480,peanut,444,306,471,328
00417.jpg,640,480,peanut,534,339,559,360
00417.jpg,640,480,logo,506,138,575,196
00418.jpg,640,480,logo,558,154,636,210
00418.jpg,640,480,peanut,589,359,615,385
00419.jpg,640,480,peanut,434,302,460,323
00419.jpg,640,480,logo,408,119,467,177
00419.jpg,640,480,logo,565,142,617,225
00420.jpg,640,480,logo,263,101,317,156
00420.jpg,640,480,logo,412,114,452,182
00420.jpg,640,480,peanut,289,265,319,287
00421.jpg,640,480,peanut,226,254,251,274
00421.jpg,640,480,logo,190,94,245,152
00421.jpg,640,480,logo,337,105,375,171
00422.jpg,640,480,logo,315,101,355,168
00422.jpg,640,480,logo,170,93,223,151
00422.jpg,640,480,peanut,208,252,232,271
00423.jpg,640,480,peanut,104,244,129,261
00423.jpg,640,480,logo,206,94,248,158
00423.jpg,640,480,logo,60,91,118,151
00424.jpg,640,480,logo,154,92,195,156
00424.jpg,640,480,logo,8,91,66,153
00424.jpg,640,480,peanut,57,242,80,257
00425.jpg,640,480,peanut,322,273,345,292
00425.jpg,640,480,logo,288,102,349,159
00425.jpg,640,480,logo,440,119,483,191
00426.jpg,640,480,logo,489,125,537,205
00426.jpg,640,480,logo,337,108,396,168
00426.jpg,640,480,peanut,367,282,392,303
00427.jpg,640,480,peanut,446,306,471,328
00427.jpg,640,480,logo,419,121,483,181
00427.jpg,640,480,logo,579,147,632,229
00428.jpg,640,480,logo,487,135,556,192
00428.jpg,640,480,peanut,514,331,541,354
00429.jpg,640,480,peanut,554,347,585,372
00429.jpg,640,480,logo,532,146,600,202
00430.jpg,640,480,logo,428,123,490,181
00430.jpg,640,480,logo,590,150,640,231
00430.jpg,640,480,peanut,455,310,481,327
00431.jpg,640,480,peanut,341,274,363,294
00431.jpg,640,480,logo,460,121,506,197
00431.jpg,640,480,logo,312,105,368,163
00432.jpg,640,480,logo,180,92,237,154
00432.jpg,640,480,logo,327,103,366,169
00432.jpg,640,480,peanut,220,253,243,271
00433.jpg,640,480,peanut,143,245,166,261
00433.jpg,640,480,logo,246,97,287,159
00433.jpg,640,480,logo,98,88,158,151
00434.jpg,640,480,logo,169,93,209,153
00434.jpg,640,480,logo,20,91,81,152
00434.jpg,640,480,peanut,71,239,94,259
00435.jpg,640,480,peanut,1,245,23,259
00435.jpg,640,480,logo,90,91,135,151
00436.jpg,640,480,logo,197,94,237,155
00436.jpg,640,480,logo,51,91,108,151
00436.jpg,640,480,peanut,142,170,158,187
00437.jpg,640,480,peanut,200,173,217,188
00437.jpg,640,480,logo,112,91,169,150
00437.jpg,640,480,logo,257,98,296,161
00438.jpg,640,480,logo,309,99,348,168
00438.jpg,640,480,logo,164,93,221,152
00438.jpg,640,480,peanut,247,178,265,194
00439.jpg,640,480,peanut,316,185,328,203
00439.jpg,640,480,logo,228,96,284,155
00439.jpg,640,480,logo,375,110,416,179
00440.jpg,640,480,peanut,313,185,332,205
00440.jpg,640,480,logo,377,108,416,177
00440.jpg,640,480,logo,229,97,285,157
00441.jpg,640,480,logo,289,102,343,159
00441.jpg,640,480,logo,437,117,480,191
00441.jpg,640,480,peanut,373,195,389,211
00442.jpg,640,480,peanut,540,234,558,255
00442.jpg,640,480,logo,614,156,640,228
00442.jpg,640,480,logo,451,128,514,185
00443.jpg,640,480,logo,497,138,563,194
00443.jpg,640,480,peanut,589,248,607,270
00444.jpg,640,480,peanut,592,249,610,270
00444.jpg,640,480,logo,499,136,566,195
00445.jpg,640,480,peanut,392,197,408,216
00445.jpg,640,480,logo,457,120,503,195
00445.jpg,640,480,logo,306,103,363,161
00446.jpg,640,480,logo,336,103,375,169
00446.jpg,640,480,logo,189,93,246,153
00446.jpg,640,480,peanut,274,179,293,197
00447.jpg,640,480,peanut,194,171,210,189
00447.jpg,640,480,logo,252,95,289,160
00447.jpg,640,480,logo,103,90,164,151
00448.jpg,640,480,logo,174,92,214,153
00448.jpg,640,480,logo,30,91,86,153
00448.jpg,640,480,peanut,120,168,137,185
00449.jpg,640,480,peanut,102,169,117,186
00449.jpg,640,480,logo,154,92,197,154
00449.jpg,640,480,logo,8,91,67,154
00450.jpg,640,480,logo,155,92,196,154
00450.jpg,640,480,logo,9,91,67,153
00450.jpg,640,480,peanut,102,168,117,185
00450.jpg,640,480,peanut,145,244,162,264
00451.jpg,640,480,peanut,303,264,322,288
00451.jpg,640,480,peanut,265,177,281,196
00451.jpg,640,480,logo,180,92,236,151
00451.jpg,640,480,logo,324,101,364,170
00452.jpg,640,480,peanut,201,172,216,191
00452.jpg,640,480,peanut,240,253,259,274
00452.jpg,640,480,logo,257,96,297,162
00452.jpg,640,480,logo,110,90,170,151
00453.jpg,640,480,peanut,348,191,366,208
00453.jpg,640,480,peanut,386,285,406,308
00453.jpg,640,480,logo,413,112,456,185
00453.jpg,640,480,logo,264,99,321,156
00454.jpg,640,480,logo,358,110,419,168
00454.jpg,640,480,logo,513,131,562,208
00454.jpg,640,480,peanut,443,208,462,228
00454.jpg,640,480,peanut,480,314,503,340
00455.jpg,640,480,peanut,536,231,552,252
00455.jpg,640,480,peanut,573,351,595,378
00455.jpg,640,480,logo,606,152,640,229
00455.jpg,640,480,logo,446,124,510,184
00456.jpg,640,480,logo,487,134,555,194
00456.jpg,640,480,peanut,578,245,601,267
00456.jpg,640,480,peanut,616,370,639,399
00457.jpg,640,480,peanut,621,258,639,280
00457.jpg,640,480,logo,527,142,598,202
00458.jpg,640,480,logo,569,154,640,214
00459.jpg,640,480,logo,392,117,457,173
00459.jpg,640,480,logo,549,140,602,219
00459.jpg,640,480,peanut,480,218,498,237
00459.jpg,640,480,peanut,517,328,540,354
00460.jpg,640,480,peanut,143,168,163,187
00460.jpg,640,480,peanut,187,246,206,267
00460.jpg,640,480,logo,200,92,240,155
00460.jpg,640,480,logo,54,89,114,153
00461.jpg,640,480,logo,65,91,112,152
00461.jpg,640,480,peanut,16,168,33,185
00461.jpg,640,480,peanut,64,238,82,258
00462.jpg,640,480,peanut,8,239,25,258
00462.jpg,640,480,logo,5,94,52,153
00463.jpg,640,480,logo,5,94,54,154
00463.jpg,640,480,peanut,125,240,148,262
00464.jpg,640,480,peanut,267,264,297,279
00464.jpg,640,480,logo,7,94,53,155
00465.jpg,640,480,logo,181,92,223,155
00465.jpg,640,480,logo,34,91,95,152
00465.jpg,640,480,peanut,128,169,144,185
00465.jpg,640,480,peanut,270,244,289,265
00466.jpg,640,480,peanut,361,262,380,284
00466.jpg,640,480,peanut,218,174,235,190
00466.jpg,640,480,logo,276,97,313,162
00466.jpg,640,480,logo,127,91,188,152
00467.jpg,640,480,logo,317,104,374,164
00467.jpg,640,480,logo,463,122,512,197
00467.jpg,640,480,peanut,400,199,417,217
00467.jpg,640,480,peanut,554,321,574,346
00468.jpg,640,480,peanut,238,279,257,303
00468.jpg,640,480,peanut,193,382,216,411
00468.jpg,640,480,logo,123,164,197,239
00468.jpg,640,480,logo,308,174,359,259
00469.jpg,640,480,logo,199,162,251,242
00469.jpg,640,480,logo,14,160,89,236
00469.jpg,640,480,peanut,133,268,157,289
00469.jpg,640,480,peanut,96,367,117,391
00470.jpg,640,480,peanut,63,262,80,282
00470.jpg,640,480,peanut,28,358,49,384
00470.jpg,640,480,logo,120,159,175,232
00471.jpg,640,480,logo,254,168,306,249
00471.jpg,640,480,logo,68,159,143,239
00471.jpg,640,480,peanut,188,272,208,297
00471.jpg,640,480,peanut,143,373,167,400
00472.jpg,640,480,peanut,343,303,363,328
00472.jpg,640,480,peanut,290,411,314,446
00472.jpg,640,480,logo,418,194,476,290
00472.jpg,640,480,logo,234,175,300,248
00473.jpg,640,480,peanut,420,327,441,354
00473.jpg,640,480,peanut,361,439,388,475
00473.jpg,640,480,logo,311,188,380,261
00473.jpg,640,480,logo,502,217,566,319
00474.jpg,640,480,peanut,383,287,406,311
00474.jpg,640,480,peanut,316,380,339,410
00474.jpg,640,480,logo,290,162,361,230
00474.jpg,640,480,logo,471,190,523,282
00475.jpg,640,480,logo,403,185,483,251
00475.jpg,640,480,logo,598,224,640,326
00475.jpg,640,480,peanut,499,325,526,351
00475.jpg,640,480,peanut,424,424,449,457
00476.jpg,640,480,peanut,503,462,526,480
00476.jpg,640,480,peanut,586,359,609,386
00476.jpg,640,480,logo,485,208,572,271
00477.jpg,640,480,logo,483,210,572,273
00477.jpg,640,480,peanut,585,360,610,388
00478.jpg,640,480,peanut,429,300,453,325
00478.jpg,640,480,logo,337,171,407,237
00478.jpg,640,480,logo,520,200,577,300
00479.jpg,640,480,logo,373,159,414,240
00479.jpg,640,480,logo,209,138,274,200
00479.jpg,640,480,peanut,286,248,308,267
00479.jpg,640,480,peanut,461,410,489,441
00480.jpg,640,480,peanut,497,376,522,405
00480.jpg,640,480,peanut,350,219,368,242
00480.jpg,640,480,logo,283,118,347,176
00480.jpg,640,480,logo,439,142,474,227
00481.jpg,640,480,peanut,350,222,369,242
00481.jpg,640,480,peanut,294,234,316,253
00481.jpg,640,480,peanut,497,379,523,404
00481.jpg,640,480,logo,437,143,476,224
00481.jpg,640,480,logo,281,117,348,179
00482.jpg,640,480,logo,239,119,301,179
00482.jpg,640,480,logo,392,139,430,219
00482.jpg,640,480,peanut,309,222,325,241
00482.jpg,640,480,peanut,252,239,274,254
00482.jpg,640,480,peanut,461,368,486,396
00483.jpg,640,480,peanut,367,333,390,361
00483.jpg,640,480,peanut,217,208,236,228
00483.jpg,640,480,peanut,163,228,186,242
00483.jpg,640,480,logo,143,112,209,174
00483.jpg,640,480,logo,297,127,332,202
00484.jpg,640,480,logo,218,121,256,193
00484.jpg,640,480,logo,64,110,133,175
00484.jpg,640,480,peanut,145,202,160,222
00484.jpg,640,480,peanut,86,222,114,239
00484.jpg,640,480,peanut,294,312,314,338
00485.jpg,640,480,peanut,404,240,423,262
00485.jpg,640,480,peanut,346,254,369,272
00485.jpg,640,480,peanut,564,417,594,449
00485.jpg,640,480,logo,334,129,400,191
00485.jpg,640,480,logo,496,158,538,247
00486.jpg,640,480,logo,415,146,488,202
00486.jpg,640,480,logo,586,183,635,275
00486.jpg,640,480,peanut,487,263,508,285
00486.jpg,640,480,peanut,425,275,449,294
00487.jpg,640,480,peanut,543,282,568,303
00487.jpg,640,480,peanut,478,291,506,311
00487.jpg,640,480,logo,471,157,546,214
00488.jpg,640,480,logo,496,162,579,219
00488.jpg,640,480,peanut,572,290,593,311
00488.jpg,640,480,peanut,505,299,532,319
00489.jpg,640,480,peanut,392,237,411,257
00489.jpg,640,480,peanut,334,251,358,269
00489.jpg,640,480,logo,322,130,388,185
00489.jpg,640,480,logo,483,157,526,241
00490.jpg,640,480,logo,288,126,320,199
00490.jpg,640,480,logo,135,111,199,170
00490.jpg,640,480,peanut,208,205,228,224
00490.jpg,640,480,peanut,153,226,177,240
00491.jpg,640,480,peanut,64,199,80,216
00491.jpg,640,480,peanut,8,222,34,236
00491.jpg,640,480,logo,1,111,50,172
00491.jpg,640,480,logo,137,116,174,185
00492.jpg,640,480,peanut,1,198,16,222
00492.jpg,640,480,logo,68,117,108,182
00493.jpg,640,480,logo,93,106,164,170
00493.jpg,640,480,logo,252,122,285,194
00493.jpg,640,480,peanut,175,203,192,223
00493.jpg,640,480,peanut,192,228,212,245
00493.jpg,640,480,peanut,120,224,143,238
00494.jpg,640,480,peanut,383,233,404,254
00494.jpg,640,480,peanut,324,250,352,267
00494.jpg,640,480,peanut,402,267,422,285
00494.jpg,640,480,logo,314,125,381,185
00494.jpg,640,480,logo,475,154,515,239
00495.jpg,640,480,logo,373,137,415,215
00495.jpg,640,480,logo,219,117,286,176
00495.jpg,640,480,peanut,293,216,313,237
00495.jpg,640,480,peanut,310,248,330,263
00495.jpg,640,480,peanut,238,235,262,249
00496.jpg,640,480,peanut,484,260,503,282
00496.jpg,640,480,peanut,502,297,524,317
00496.jpg,640,480,peanut,422,272,445,291
00496.jpg,640,480,logo,412,145,482,201
00496.jpg,640,480,logo,581,179,629,272
00497.jpg,640,480,logo,369,108,398,180
00497.jpg,640,480,logo,232,90,291,142
00497.jpg,640,480,peanut,288,177,302,196
00497.jpg,640,480,peanut,297,202,317,217
00497.jpg,640,480,peanut,234,189,254,204
00498.jpg,640,480,peanut,415,152,429,166
00498.jpg,640,480,peanut,421,174,434,187
00498.jpg,640,480,peanut,364,158,380,171
00498.jpg,640,480,logo,376,72,431,118
00498.jpg,640,480,logo,501,97,526,165
00499.jpg,640,480,logo,481,49,540,93
00499.jpg,640,480,logo,596,76,620,136
00499.jpg,640,480,peanut,514,118,528,131
00499.jpg,640,480,peanut,517,134,529,148
00499.jpg,640,480,peanut,469,119,485,131
00500.jpg,640,480,peanut,431,105,443,117
00500.jpg,640,480,peanut,386,108,402,119
00500.jpg,640,480,peanut,432,122,447,134
00500.jpg,640,480,logo,401,39,450,82
00500.jpg,640,480,logo,507,60,527,118
00501.jpg,640,480,logo,359,51,374,107
00501.jpg,640,480,logo,252,36,300,81
00501.jpg,640,480,peanut,286,99,299,114
00501.jpg,640,480,peanut,242,108,260,118
00501.jpg,640,480,peanut,287,117,305,130
00502.jpg,640,480,peanut,202,135,218,149
00502.jpg,640,480,peanut,219,154,235,168
00502.jpg,640,480,peanut,88,171,104,188
00502.jpg,640,480,logo,137,63,192,116
00502.jpg,640,480,logo,266,70,295,131
00503.jpg,640,480,peanut,307,160,324,174
00503.jpg,640,480,peanut,294,141,307,156
00503.jpg,640,480,peanut,176,173,194,188
00503.jpg,640,480,logo,231,65,283,115
00503.jpg,640,480,logo,360,79,390,139
00504.jpg,640,480,peanut,153,149,169,161
00504.jpg,640,480,peanut,138,132,150,145
00504.jpg,640,480,peanut,21,171,40,187
00504.jpg,640,480,logo,69,61,123,114
00504.jpg,640,480,logo,197,67,230,125
00505.jpg,640,480,logo,463,88,498,157
00505.jpg,640,480,logo,331,73,386,122
00505.jpg,640,480,peanut,274,180,292,197
00505.jpg,640,480,peanut,393,153,407,168
00505.jpg,640,480,peanut,409,174,426,189
00506.jpg,640,480,peanut,560,187,574,205
00506.jpg,640,480,peanut,425,206,443,222
00506.jpg,640,480,peanut,574,213,594,228
00506.jpg,640,480,logo,493,97,554,145
00507.jpg,640,480,logo,534,76,595,123
00507.jpg,640,480,peanut,452,165,471,179
00507.jpg,640,480,peanut,582,159,597,173
00507.jpg,640,480,peanut,592,182,609,195
00508.jpg,640,480,peanut,237,111,253,120
00508.jpg,640,480,peanut,207,100,220,111
00508.jpg,640,480,logo,227,39,269,89
00508.jpg,640,480,logo,112,45,151,98
00509.jpg,640,480,logo,266,48,309,100
00509.jpg,640,480,logo,387,50,429,103
00509.jpg,640,480,peanut,360,110,374,124
00509.jpg,640,480,peanut,391,125,409,135
00510.jpg,640,480,peanut,330,119,351,128
00510.jpg,640,480,peanut,303,105,315,119
00510.jpg,640,480,logo,326,45,366,96
00510.jpg,640,480,logo,211,47,246,100
00511.jpg,640,480,logo,322,53,358,105
00511.jpg,640,480,logo,443,56,485,110
00511.jpg,640,480,peanut,414,117,429,132
00511.jpg,640,480,peanut,445,133,464,145
00512.jpg,640,480,peanut,552,142,566,156
00512.jpg,640,480,peanut,583,161,605,173
00512.jpg,640,480,logo,452,68,496,119
00512.jpg,640,480,logo,580,75,632,138
00513.jpg,640,480,logo,517,67,568,122
00513.jpg,640,480,logo,394,59,434,111
00513.jpg,640,480,peanut,490,128,508,144
00513.jpg,640,480,peanut,522,148,542,159
00514.jpg,640,480,logo,542,82,590,136
00610.jpg,640,480,peanut,346,159,361,174
00610.jpg,640,480,peanut,284,214,311,228
00610.jpg,640,480,peanut,223,131,246,142
00610.jpg,640,480,peanut,125,174,151,188
00610.jpg,640,480,peanut,71,146,86,157
00611.jpg,640,480,peanut,344,170,360,186
00611.jpg,640,480,peanut,195,174,219,186
00611.jpg,640,480,peanut,105,217,129,236
00611.jpg,640,480,peanut,71,175,88,188
00611.jpg,640,480,peanut,283,214,310,228
00612.jpg,640,480,peanut,343,169,357,186
00612.jpg,640,480,peanut,70,174,88,188
00612.jpg,640,480,peanut,152,230,169,245
00612.jpg,640,480,peanut,192,288,212,310
00613.jpg,640,480,peanut,344,170,360,185
00613.jpg,640,480,peanut,251,211,269,226
00613.jpg,640,480,peanut,69,174,89,187
00613.jpg,640,480,peanut,192,287,212,311
00614.jpg,640,480,peanut,261,118,281,130
00614.jpg,640,480,peanut,249,211,267,225
00614.jpg,640,480,peanut,192,285,212,311
00614.jpg,640,480,peanut,69,174,88,188
00615.jpg,640,480,peanut,249,211,269,226
00615.jpg,640,480,peanut,180,182,202,195
00615.jpg,640,480,peanut,192,286,212,312
00615.jpg,640,480,peanut,261,118,280,130
00616.jpg,640,480,peanut,261,117,281,129
00616.jpg,640,480,peanut,178,182,202,195
00616.jpg,640,480,peanut,191,287,212,311
00616.jpg,640,480,peanut,471,189,489,205
00617.jpg,640,480,peanut,472,189,488,204
00617.jpg,640,480,peanut,444,270,472,287
00617.jpg,640,480,peanut,260,118,282,129
00617.jpg,640,480,peanut,180,182,202,195
00618.jpg,640,480,peanut,452,151,467,162
00618.jpg,640,480,peanut,260,118,282,130
00618.jpg,640,480,peanut,132,157,155,172
00618.jpg,640,480,peanut,446,271,473,288
00619.jpg,640,480,peanut,451,151,466,162
00619.jpg,640,480,peanut,446,270,471,288
00619.jpg,640,480,peanut,224,222,248,234
00619.jpg,640,480,peanut,134,156,156,171
00620.jpg,640,480,peanut,224,220,247,237
00621.jpg,640,480,peanut,326,228,354,246
00622.jpg,640,480,peanut,503,213,526,227
00623.jpg,640,480,peanut,458,294,478,315
00624.jpg,640,480,peanut,84,345,119,366
00625.jpg,640,480,peanut,201,399,231,427
00626.jpg,640,480,peanut,415,319,439,345
00627.jpg,640,480,peanut,549,325,584,345
00628.jpg,640,480,peanut,421,346,443,374
00629.jpg,640,480,peanut,212,315,234,337
00630.jpg,640,480,peanut,229,217,257,231
00631.jpg,640,480,peanut,183,183,201,199
00632.jpg,640,480,peanut,304,234,328,250
00633.jpg,640,480,peanut,484,294,514,310
00634.jpg,640,480,peanut,577,291,600,314
00635.jpg,640,480,peanut,377,217,401,234
00636.jpg,640,480,peanut,289,167,309,180
00637.jpg,640,480,peanut,267,126,281,140
00638.jpg,640,480,peanut,415,143,434,156
00639.jpg,640,480,peanut,505,138,525,151
00640.jpg,640,480,peanut,455,168,475,182
00641.jpg,640,480,peanut,455,167,475,182
00641.jpg,640,480,peanut,166,161,191,173
00642.jpg,640,480,peanut,455,168,474,182
00642.jpg,640,480,peanut,284,217,312,231
00643.jpg,640,480,peanut,452,206,477,219
00643.jpg,640,480,peanut,283,218,312,231
00644.jpg,640,480,peanut,488,261,508,283
00644.jpg,640,480,peanut,285,217,312,231
00645.jpg,640,480,peanut,488,262,507,284
00645.jpg,640,480,peanut,249,237,280,251
00646.jpg,640,480,peanut,359,190,379,205
00646.jpg,640,480,peanut,252,237,282,252
00647.jpg,640,480,peanut,363,234,381,253
00647.jpg,640,480,peanut,238,274,257,297
00648.jpg,640,480,peanut,334,91,355,103
00648.jpg,640,480,peanut,169,143,189,157
00649.jpg,640,480,peanut,334,92,354,101
00649.jpg,640,480,peanut,558,168,577,183
00650.jpg,640,480,peanut,560,168,576,182
00650.jpg,640,480,peanut,380,162,402,176
00651.jpg,640,480,peanut,443,195,466,211
00651.jpg,640,480,peanut,382,162,404,175
00652.jpg,640,480,peanut,445,195,464,210
00652.jpg,640,480,peanut,315,182,333,195
00653.jpg,640,480,peanut,314,181,332,197
00653.jpg,640,480,peanut,303,301,321,325
00654.jpg,640,480,peanut,227,206,251,222
00654.jpg,640,480,peanut,303,302,322,325
00655.jpg,640,480,peanut,446,254,469,271
00655.jpg,640,480,peanut,228,204,252,222
00656.jpg,640,480,peanut,446,254,469,272
00656.jpg,640,480,peanut,429,161,455,174
00657.jpg,640,480,peanut,483,194,504,209
00657.jpg,640,480,peanut,445,253,469,272
00658.jpg,640,480,peanut,483,194,506,210
00658.jpg,640,480,peanut,448,254,470,274
00658.jpg,640,480,peanut,232,224,254,242
00659.jpg,640,480,peanut,482,194,505,211
00659.jpg,640,480,peanut,318,163,340,177
00659.jpg,640,480,peanut,232,224,254,241
00660.jpg,640,480,peanut,439,107,455,120
00660.jpg,640,480,peanut,317,163,340,176
00660.jpg,640,480,peanut,229,225,255,242
00661.jpg,640,480,peanut,440,106,454,122
00661.jpg,640,480,peanut,387,192,414,206
00661.jpg,640,480,peanut,263,276,296,292
00662.jpg,640,480,peanut,386,192,414,205
00662.jpg,640,480,peanut,314,145,337,158
00662.jpg,640,480,peanut,263,274,294,292
00663.jpg,640,480,peanut,397,159,425,171
00663.jpg,640,480,peanut,312,145,338,157
00663.jpg,640,480,peanut,299,211,317,232
00664.jpg,640,480,peanut,400,159,423,171
00664.jpg,640,480,peanut,386,111,400,128
00664.jpg,640,480,peanut,263,148,280,164
00665.jpg,640,480,peanut,415,239,443,252
00665.jpg,640,480,peanut,383,168,409,182
00665.jpg,640,480,peanut,254,211,277,228
00666.jpg,640,480,peanut,371,201,397,217
00666.jpg,640,480,peanut,414,277,437,297
00666.jpg,640,480,peanut,246,251,274,268
00667.jpg,640,480,peanut,372,201,398,217
00667.jpg,640,480,peanut,260,195,282,208
00667.jpg,640,480,peanut,245,251,272,268
00668.jpg,640,480,peanut,374,201,397,218
00668.jpg,640,480,peanut,262,194,284,209
00668.jpg,640,480,peanut,250,218,276,232
00669.jpg,640,480,peanut,380,188,398,204
00669.jpg,640,480,peanut,343,125,359,139
00669.jpg,640,480,peanut,250,218,276,232
00670.jpg,640,480,peanut,380,188,398,202
00670.jpg,640,480,peanut,344,125,360,141
00670.jpg,640,480,peanut,251,170,264,190
00671.jpg,640,480,peanut,457,199,475,217
00671.jpg,640,480,peanut,354,201,377,218
00671.jpg,640,480,peanut,361,283,389,302
00672.jpg,640,480,peanut,397,97,416,108
00672.jpg,640,480,peanut,357,200,375,219
00672.jpg,640,480,peanut,360,283,388,302
00673.jpg,640,480,peanut,301,141,322,156
00673.jpg,640,480,peanut,356,202,376,219
00673.jpg,640,480,peanut,361,283,389,303
00674.jpg,640,480,peanut,465,179,487,192
00674.jpg,640,480,peanut,302,142,319,155
00674.jpg,640,480,peanut,360,282,388,304
00675.jpg,640,480,peanut,466,179,486,192
00675.jpg,640,480,peanut,317,184,336,199
00675.jpg,640,480,peanut,302,142,321,156
00676.jpg,640,480,peanut,464,179,486,192
00676.jpg,640,480,peanut,300,141,322,157
00677.jpg,640,480,peanut,326,208,352,222
00678.jpg,640,480,peanut,343,278,375,300
00679.jpg,640,480,peanut,178,356,206,382
00680.jpg,640,480,peanut,337,358,369,383
00681.jpg,640,480,peanut,526,247,554,264
00682.jpg,640,480,peanut,531,169,550,182
00683.jpg,640,480,peanut,432,105,450,116
00684.jpg,640,480,peanut,205,143,225,157
00685.jpg,640,480,peanut,211,102,230,114
00686.jpg,640,480,peanut,173,172,196,186
00687.jpg,640,480,peanut,380,151,400,165
00688.jpg,640,480,peanut,400,116,415,130
00689.jpg,640,480,peanut,296,187,321,200
00689.jpg,640,480,peanut,425,264,452,281
00690.jpg,640,480,peanut,382,122,399,134
00690.jpg,640,480,peanut,357,134,378,147
00690.jpg,640,480,logo,373,34,419,78
00690.jpg,640,480,logo,487,48,517,104
00691.jpg,640,480,peanut,380,122,400,134
00691.jpg,640,480,peanut,401,198,426,211
00691.jpg,640,480,logo,372,34,418,77
00691.jpg,640,480,logo,487,50,517,102
00692.jpg,640,480,logo,486,49,517,102
00692.jpg,640,480,logo,374,35,418,79
00692.jpg,640,480,peanut,400,198,429,213
00692.jpg,640,480,peanut,280,110,298,122
00693.jpg,640,480,peanut,377,103,392,115
00693.jpg,640,480,peanut,280,111,298,122
00693.jpg,640,480,logo,374,34,418,78
00693.jpg,640,480,logo,487,46,516,102
00694.jpg,640,480,logo,487,49,517,105
00694.jpg,640,480,logo,372,37,418,78
00694.jpg,640,480,peanut,415,156,439,170
00694.jpg,640,480,peanut,280,109,299,123
00695.jpg,640,480,peanut,331,185,353,204
00695.jpg,640,480,peanut,119,203,140,223
00695.jpg,640,480,logo,108,74,149,137
00695.jpg,640,480,logo,229,64,283,115
00696.jpg,640,480,logo,183,62,236,113
00696.jpg,640,480,logo,60,74,101,137
00696.jpg,640,480,peanut,73,202,93,220
00696.jpg,640,480,peanut,283,179,306,197
00697.jpg,640,480,peanut,229,174,251,191
00697.jpg,640,480,peanut,18,202,38,222
00697.jpg,640,480,logo,123,62,179,111
00697.jpg,640,480,logo,2,77,43,140
00698.jpg,640,480,logo,244,62,294,115
00698.jpg,640,480,logo,116,74,159,135
00698.jpg,640,480,peanut,130,202,149,222
00698.jpg,640,480,peanut,343,187,363,206
00699.jpg,640,480,peanut,460,213,482,230
00699.jpg,640,480,peanut,239,212,257,233
00699.jpg,640,480,logo,234,76,272,139
00699.jpg,640,480,logo,361,71,414,129
00700.jpg,640,480,logo,360,92,398,155
00700.jpg,640,480,logo,489,91,552,153
00700.jpg,640,480,peanut,357,234,379,253
00700.jpg,640,480,peanut,596,253,622,271
00701.jpg,640,480,peanut,422,251,446,269
00701.jpg,640,480,logo,431,102,469,165
00701.jpg,640,480,logo,563,106,627,171
00702.jpg,640,480,logo,532,122,577,185
00702.jpg,640,480,peanut,521,279,548,302
00703.jpg,640,480,peanut,518,280,549,301
00703.jpg,640,480,peanut,303,309,337,326
00703.jpg,640,480,logo,529,121,577,184
00704.jpg,640,480,logo,529,121,576,186
00704.jpg,640,480,peanut,521,280,547,301
00704.jpg,640,480,peanut,435,317,463,335
00704.jpg,640,480,peanut,303,308,336,326
00705.jpg,640,480,peanut,472,204,490,224
00705.jpg,640,480,logo,529,69,589,125
00705.jpg,640,480,logo,423,77,451,135
00706.jpg,640,480,logo,444,64,500,117
00706.jpg,640,480,logo,340,75,370,136
00706.jpg,640,480,peanut,392,198,412,218
00706.jpg,640,480,peanut,592,185,612,201
00707.jpg,640,480,peanut,514,176,534,191
00707.jpg,640,480,peanut,320,198,337,218
00707.jpg,640,480,logo,369,61,420,110
00707.jpg,640,480,logo,266,74,291,135
00708.jpg,640,480,peanut,408,167,426,184
00708.jpg,640,480,peanut,214,201,232,217
00708.jpg,640,480,logo,152,77,182,141
00708.jpg,640,480,logo,260,61,315,108
00709.jpg,640,480,logo,188,64,246,110
00709.jpg,640,480,logo,80,84,110,148
00709.jpg,640,480,peanut,146,206,165,226
00709.jpg,640,480,peanut,340,164,360,181
00710.jpg,640,480,peanut,483,202,502,222
00710.jpg,640,480,peanut,285,254,303,278
00710.jpg,640,480,logo,292,86,350,137
00710.jpg,640,480,logo,186,110,210,182
00711.jpg,640,480,logo,406,90,469,141
00711.jpg,640,480,logo,301,106,324,177
00711.jpg,640,480,peanut,393,257,414,278
00711.jpg,640,480,peanut,601,218,621,237
00712.jpg,640,480,peanut,475,264,497,286
00712.jpg,640,480,logo,488,91,556,147
00712.jpg,640,480,logo,387,108,410,180
00713.jpg,640,480,logo,443,110,463,182
00713.jpg,640,480,logo,550,97,614,157
00713.jpg,640,480,peanut,531,270,549,294
00714.jpg,640,480,peanut,523,206,542,227
00714.jpg,640,480,peanut,197,251,227,265
00714.jpg,640,480,peanut,197,269,224,282
00714.jpg,640,480,peanut,140,308,171,336
00714.jpg,640,480,logo,332,87,392,138
00714.jpg,640,480,logo,226,108,251,179
00715.jpg,640,480,logo,148,106,178,177
00715.jpg,640,480,logo,262,84,322,136
00715.jpg,640,480,peanut,440,202,459,222
00715.jpg,640,480,peanut,111,249,138,265
00715.jpg,640,480,peanut,106,265,131,281
00715.jpg,640,480,peanut,43,305,72,331
00716.jpg,640,480,peanut,191,207,212,223
00716.jpg,640,480,logo,59,86,118,136
00717.jpg,640,480,logo,58,86,118,138
00717.jpg,640,480,peanut,183,179,208,191
00717.jpg,640,480,peanut,191,208,212,225
00718.jpg,640,480,peanut,183,179,206,191
00718.jpg,640,480,peanut,191,206,212,226
00718.jpg,640,480,peanut,150,260,172,279
00718.jpg,640,480,logo,57,85,117,137
00719.jpg,640,480,logo,58,87,121,137
00719.jpg,640,480,peanut,183,179,208,191
00719.jpg,640,480,peanut,190,206,212,227
00719.jpg,640,480,peanut,151,259,169,282
00719.jpg,640,480,peanut,34,235,61,248
00720.jpg,640,480,peanut,216,203,242,220
00720.jpg,640,480,peanut,132,205,153,219
00720.jpg,640,480,peanut,150,259,171,281
00720.jpg,640,480,logo,57,85,120,137
00721.jpg,640,480,logo,57,86,119,138
00721.jpg,640,480,peanut,213,204,240,220
00721.jpg,640,480,peanut,166,380,199,410
00721.jpg,640,480,peanut,25,273,46,295
00721.jpg,640,480,peanut,17,352,37,374
00722.jpg,640,480,peanut,196,191,224,208
00722.jpg,640,480,peanut,140,258,164,279
00722.jpg,640,480,peanut,123,332,144,358
00722.jpg,640,480,peanut,253,386,294,411
00722.jpg,640,480,logo,201,77,254,131
00722.jpg,640,480,logo,69,90,112,156
00723.jpg,640,480,peanut,199,191,226,208
00723.jpg,640,480,peanut,143,260,164,279
00723.jpg,640,480,peanut,123,334,144,357
00723.jpg,640,480,logo,200,77,254,130
00723.jpg,640,480,logo,69,88,112,157
00724.jpg,640,480,logo,69,89,112,156
00724.jpg,640,480,logo,200,76,253,131
00724.jpg,640,480,peanut,198,190,223,208
00724.jpg,640,480,peanut,119,332,143,357
00725.jpg,640,480,peanut,200,191,225,208
00725.jpg,640,480,logo,200,77,254,130
00725.jpg,640,480,logo,66,89,112,155
00726.jpg,640,480,logo,200,77,254,131
00726.jpg,640,480,logo,69,91,112,158
00726.jpg,640,480,peanut,125,305,161,325
01112.jpg,640,480,peanut,414,194,435,208
01113.jpg,640,480,peanut,361,191,380,203
01114.jpg,640,480,peanut,314,191,337,207
01115.jpg,640,480,peanut,435,194,457,208
01116.jpg,640,480,peanut,503,200,526,212
01117.jpg,640,480,peanut,212,199,235,214
01118.jpg,640,480,peanut,148,205,171,219
01119.jpg,640,480,peanut,228,196,249,211
01120.jpg,640,480,peanut,263,196,282,211
01121.jpg,640,480,peanut,43,188,69,202
01122.jpg,640,480,peanut,132,189,153,202
01123.jpg,640,480,peanut,194,193,214,207
01124.jpg,640,480,peanut,266,202,289,214
01125.jpg,640,480,peanut,314,211,337,221
01126.jpg,640,480,peanut,263,200,286,212
01127.jpg,640,480,peanut,209,192,230,205
01128.jpg,640,480,peanut,210,194,230,206
01128.jpg,640,480,peanut,115,157,145,175
01128.jpg,640,480,peanut,53,219,76,241
01129.jpg,640,480,peanut,284,204,306,218
01129.jpg,640,480,peanut,191,162,220,180
01129.jpg,640,480,peanut,126,223,150,247
01130.jpg,640,480,peanut,392,226,418,239
01130.jpg,640,480,peanut,297,173,328,192
01130.jpg,640,480,peanut,234,233,254,257
01131.jpg,640,480,peanut,187,191,208,202
01131.jpg,640,480,peanut,92,156,120,174
01131.jpg,640,480,peanut,32,219,53,241
01133.jpg,640,480,peanut,112,181,133,192
01133.jpg,640,480,peanut,17,150,43,168
02007.jpg,640,480,peanut,226,129,240,142
02007.jpg,640,480,peanut,7,166,31,179
02008.jpg,640,480,peanut,226,131,240,142
02008.jpg,640,480,peanut,138,173,164,186
02009.jpg,640,480,peanut,204,163,226,174
02009.jpg,640,480,peanut,137,174,163,185
02010.jpg,640,480,peanut,217,99,229,109
02010.jpg,640,480,peanut,107,218,124,237
02011.jpg,640,480,peanut,197,120,218,131
02011.jpg,640,480,peanut,34,278,66,295
02012.jpg,640,480,peanut,183,105,197,117
02012.jpg,640,480,peanut,143,135,157,148
02012.jpg,640,480,peanut,35,277,66,295
02013.jpg,640,480,peanut,182,105,196,117
02013.jpg,640,480,peanut,141,137,159,148
02013.jpg,640,480,peanut,83,185,109,197
02014.jpg,640,480,peanut,210,99,229,111
02014.jpg,640,480,peanut,186,82,207,91
02014.jpg,640,480,peanut,128,102,140,113
02018.jpg,640,480,peanut,197,82,216,92
02018.jpg,640,480,peanut,212,114,230,124
02018.jpg,640,480,peanut,357,220,378,235
02018.jpg,640,480,peanut,36,217,52,233
02020.jpg,640,480,peanut,189,102,210,112
02020.jpg,640,480,peanut,235,151,249,165
02020.jpg,640,480,peanut,357,222,377,236
02020.jpg,640,480,peanut,51,269,79,283
02021.jpg,640,480,peanut,189,102,211,113
02021.jpg,640,480,peanut,282,116,301,128
02021.jpg,640,480,peanut,232,170,251,186
02021.jpg,640,480,peanut,52,269,79,283
02022.jpg,640,480,peanut,280,116,302,128
02022.jpg,640,480,peanut,181,131,200,144
02022.jpg,640,480,peanut,208,188,228,205
02022.jpg,640,480,peanut,54,268,78,284
02023.jpg,640,480,peanut,277,86,292,99
02023.jpg,640,480,peanut,189,136,203,151
02023.jpg,640,480,peanut,212,218,236,234
02023.jpg,640,480,peanut,52,269,79,283
02024.jpg,640,480,peanut,177,111,194,122
02024.jpg,640,480,peanut,278,109,297,120
02024.jpg,640,480,peanut,227,187,249,202
02024.jpg,640,480,peanut,94,197,117,210
02025.jpg,640,480,peanut,271,128,288,141
02025.jpg,640,480,peanut,188,91,209,101
02025.jpg,640,480,peanut,229,187,249,202
02025.jpg,640,480,peanut,94,197,120,210
02026.jpg,640,480,peanut,265,153,286,165
02026.jpg,640,480,peanut,187,91,208,101
02026.jpg,640,480,peanut,226,210,246,228
02026.jpg,640,480,peanut,84,223,109,237
02027.jpg,640,480,peanut,185,117,209,129
02027.jpg,640,480,peanut,263,151,285,166
02027.jpg,640,480,peanut,228,211,246,228
02027.jpg,640,480,peanut,83,223,108,235
02028.jpg,640,480,peanut,184,118,209,128
02028.jpg,640,480,peanut,264,153,285,166
02028.jpg,640,480,peanut,227,211,246,229
02029.jpg,640,480,peanut,231,122,250,134
02029.jpg,640,480,peanut,259,77,271,88
02029.jpg,640,480,peanut,146,94,166,103
02030.jpg,640,480,peanut,212,134,236,146
02030.jpg,640,480,peanut,133,107,155,117
02030.jpg,640,480,peanut,22,162,38,180
02031.jpg,640,480,peanut,238,93,255,103
02031.jpg,640,480,peanut,51,114,68,130
02031.jpg,640,480,peanut,105,185,130,201
02032.jpg,640,480,peanut,103,188,129,200
02032.jpg,640,480,peanut,214,225,231,246
02033.jpg,640,480,peanut,103,186,127,201
02033.jpg,640,480,peanut,93,248,116,265
02033.jpg,640,480,peanut,212,227,232,246
02034.jpg,640,480,peanut,213,227,232,245
02034.jpg,640,480,peanut,138,265,162,285
02035.jpg,640,480,peanut,132,129,146,142
02035.jpg,640,480,peanut,206,145,226,158
02035.jpg,640,480,peanut,148,154,166,166
02035.jpg,640,480,peanut,86,200,106,214
02035.jpg,640,480,peanut,64,346,101,366
02036.jpg,640,480,peanut,134,108,153,120
02036.jpg,640,480,peanut,237,156,258,168
02036.jpg,640,480,peanut,146,194,167,208
02036.jpg,640,480,peanut,53,231,79,248
02036.jpg,640,480,peanut,65,346,100,367
02037.jpg,640,480,peanut,205,179,220,197
02037.jpg,640,480,peanut,276,152,300,166
02037.jpg,640,480,peanut,266,218,285,237
02037.jpg,640,480,peanut,46,248,73,262
02037.jpg,640,480,peanut,64,346,100,367
02038.jpg,640,480,peanut,189,105,203,118
02038.jpg,640,480,peanut,314,114,334,128
02038.jpg,640,480,peanut,324,145,344,160
02038.jpg,640,480,peanut,44,249,73,266
02038.jpg,640,480,peanut,65,347,100,368
02039.jpg,640,480,peanut,189,104,203,117
02039.jpg,640,480,peanut,163,128,177,142
02039.jpg,640,480,peanut,266,113,288,124
02039.jpg,640,480,peanut,315,115,335,128
02039.jpg,640,480,peanut,324,146,343,160
02040.jpg,640,480,peanut,266,112,288,122
02040.jpg,640,480,peanut,315,114,334,128
02040.jpg,640,480,peanut,325,146,342,160
02041.jpg,640,480,peanut,250,68,267,77
02041.jpg,640,480,peanut,326,147,343,161
02042.jpg,640,480,peanut,185,147,204,162
02042.jpg,640,480,peanut,324,146,341,160
02043.jpg,640,480,peanut,335,165,352,183
02043.jpg,640,480,peanut,130,197,146,214
02044.jpg,640,480,peanut,334,166,352,183
02044.jpg,640,480,peanut,162,202,183,219
02045.jpg,640,480,peanut,335,204,355,220
02045.jpg,640,480,peanut,167,154,187,169
02046.jpg,640,480,peanut,337,204,356,221
02046.jpg,640,480,peanut,121,221,140,238
02047.jpg,640,480,peanut,336,205,356,221
02047.jpg,640,480,peanut,153,164,172,178
02048.jpg,640,480,peanut,301,265,320,281
02048.jpg,640,480,peanut,154,162,172,178
02049.jpg,640,480,peanut,300,265,320,282
02049.jpg,640,480,peanut,154,162,172,177
02049.jpg,640,480,peanut,144,242,165,262
02050.jpg,640,480,peanut,300,264,320,281
02050.jpg,640,480,peanut,147,215,168,232
02050.jpg,640,480,peanut,155,258,177,279
02051.jpg,640,480,peanut,300,264,322,279
02051.jpg,640,480,peanut,156,159,174,175
02051.jpg,640,480,peanut,142,322,166,348
02052.jpg,640,480,peanut,269,165,286,182
02052.jpg,640,480,peanut,127,145,152,157
02052.jpg,640,480,peanut,137,324,167,344
02053.jpg,640,480,peanut,129,144,149,158
02053.jpg,640,480,peanut,172,240,191,260
02054.jpg,640,480,peanut,172,242,190,262
02054.jpg,640,480,peanut,30,209,54,223
02055.jpg,640,480,peanut,139,196,154,212
02055.jpg,640,480,peanut,172,241,189,262
02056.jpg,640,480,peanut,170,242,190,262
02056.jpg,640,480,peanut,55,301,88,319
02057.jpg,640,480,peanut,266,228,288,246
02057.jpg,640,480,peanut,183,295,205,321
02058.jpg,640,480,peanut,252,180,277,195
02058.jpg,640,480,peanut,159,214,183,230
02059.jpg,640,480,peanut,156,304,188,325
02059.jpg,640,480,peanut,90,250,117,269
02060.jpg,640,480,peanut,120,203,145,224
02060.jpg,640,480,peanut,120,364,158,388
02061.jpg,640,480,peanut,123,365,158,388
02061.jpg,640,480,peanut,21,437,58,462
02062.jpg,640,480,peanut,173,306,194,332
02062.jpg,640,480,peanut,149,422,177,457
02063.jpg,640,480,peanut,203,202,220,218
02063.jpg,640,480,peanut,208,293,232,315
02064.jpg,640,480,peanut,223,182,246,201
02064.jpg,640,480,peanut,149,124,166,139
02065.jpg,640,480,peanut,246,159,267,174
02065.jpg,640,480,peanut,98,172,114,188
02066.jpg,640,480,peanut,224,219,245,239
02066.jpg,640,480,peanut,61,214,83,228
02067.jpg,640,480,peanut,223,220,246,238
02067.jpg,640,480,peanut,97,139,116,152
02067.jpg,640,480,peanut,60,214,84,228
02068.jpg,640,480,peanut,223,219,245,237
02068.jpg,640,480,peanut,33,235,60,251
02068.jpg,640,480,peanut,67,399,97,432
02069.jpg,640,480,peanut,166,280,192,300
02069.jpg,640,480,peanut,3,268,26,288
02069.jpg,640,480,peanut,66,399,99,431
02070.jpg,640,480,peanut,167,279,194,301
02070.jpg,640,480,peanut,180,322,214,342
02070.jpg,640,480,peanut,66,399,98,433
02071.jpg,640,480,peanut,167,280,192,300
02071.jpg,640,480,peanut,180,322,210,341
02071.jpg,640,480,peanut,143,385,184,406
02072.jpg,640,480,peanut,168,279,193,300
02072.jpg,640,480,peanut,263,342,300,362
02072.jpg,640,480,peanut,144,385,186,408
02073.jpg,640,480,peanut,173,239,198,257
02073.jpg,640,480,peanut,286,287,312,308
02073.jpg,640,480,peanut,143,392,184,411
02074.jpg,640,480,peanut,284,288,311,308
02074.jpg,640,480,peanut,114,284,139,307
02074.jpg,640,480,peanut,144,392,184,410
02074.jpg,640,480,peanut,5,305,23,327
02075.jpg,640,480,peanut,283,288,312,308
02075.jpg,640,480,peanut,114,284,139,306
02075.jpg,640,480,peanut,88,332,112,353
02075.jpg,640,480,peanut,143,391,186,411
02076.jpg,640,480,peanut,286,236,312,253
02076.jpg,640,480,peanut,166,234,186,251
02076.jpg,640,480,peanut,69,372,94,399
02076.jpg,640,480,peanut,188,402,212,436
02077.jpg,640,480,peanut,284,237,312,253
02077.jpg,640,480,peanut,163,171,182,187
02077.jpg,640,480,peanut,136,311,166,331
02077.jpg,640,480,peanut,208,353,244,374
02078.jpg,640,480,peanut,66,239,94,257
02078.jpg,640,480,peanut,286,237,314,252
02078.jpg,640,480,peanut,134,311,166,330
02078.jpg,640,480,peanut,209,351,247,374
02079.jpg,640,480,peanut,285,236,312,253
02079.jpg,640,480,peanut,176,245,196,261
02079.jpg,640,480,peanut,177,388,203,422
02080.jpg,640,480,peanut,280,182,298,198
02080.jpg,640,480,peanut,166,217,189,234
02080.jpg,640,480,peanut,192,299,227,317
02081.jpg,640,480,peanut,240,262,261,284
02081.jpg,640,480,peanut,192,299,227,317
02081.jpg,640,480,peanut,85,286,109,306
02082.jpg,640,480,peanut,260,154,278,170
02082.jpg,640,480,peanut,268,312,297,335
02082.jpg,640,480,peanut,61,349,83,375
02083.jpg,640,480,peanut,222,218,246,236
02083.jpg,640,480,peanut,282,300,306,322
02083.jpg,640,480,peanut,61,351,84,374
02084.jpg,640,480,peanut,281,298,306,323
02084.jpg,640,480,peanut,225,217,246,236
02084.jpg,640,480,peanut,89,298,117,315
02085.jpg,640,480,peanut,200,271,223,295
02085.jpg,640,480,peanut,280,299,305,322
02085.jpg,640,480,peanut,89,298,120,314
02086.jpg,640,480,peanut,301,302,325,325
02086.jpg,640,480,peanut,235,233,255,254
02086.jpg,640,480,peanut,86,316,104,337
02087.jpg,640,480,peanut,254,182,277,197
02087.jpg,640,480,peanut,302,301,324,325
02087.jpg,640,480,peanut,114,278,146,293
02088.jpg,640,480,peanut,252,182,277,197
02088.jpg,640,480,peanut,303,302,324,327
02089.jpg,640,480,peanut,318,237,349,251
02089.jpg,640,480,peanut,145,328,179,347
02090.jpg,640,480,peanut,145,330,179,350
02091.jpg,640,480,peanut,227,331,260,348
02092.jpg,640,480,peanut,283,271,306,291
02093.jpg,640,480,peanut,357,271,377,291
02094.jpg,640,480,peanut,421,285,445,308
02095.jpg,640,480,peanut,434,219,452,238
02096.jpg,640,480,peanut,480,131,496,145
02097.jpg,640,480,peanut,494,182,521,197
02098.jpg,640,480,peanut,398,243,419,262
02099.jpg,640,480,peanut,257,185,274,202
02100.jpg,640,480,peanut,238,251,262,271
02101.jpg,640,480,peanut,364,244,386,264
02102.jpg,640,480,peanut,355,187,377,202
02103.jpg,640,480,peanut,294,256,325,273
02104.jpg,640,480,peanut,281,107,300,118
02105.jpg,640,480,peanut,370,107,394,120
